Candidate_ID,Role,Source,Location,Salary_Band,Applied_Date,Screen_Date,Interview_Date,Offer_Date,Start_Date,Stage_Exit,Is_Recent
C0001,SafetyOfficer,LinkedIn,Antalya,L3,2024-05-08,2024-05-14,2024-05-23,2024-05-27,2024-06-13,Hired,False
C0002,Worker,LinkedIn,Bursa,L1,2023-10-01,2023-10-05,2023-10-16,2023-10-22,,NoShow,False
C0003,Worker,LinkedIn,Antalya,L5,2024-11-03,2024-11-13,2024-12-16,2024-12-27,2025-01-03,Hired,True
C0004,Planner,Agency,Izmir,L3,2024-02-07,2024-02-13,2024-02-28,,,InterviewFail,False
C0005,QualityInspector,Agency,Adana,L3,2023-10-15,2023-10-25,2023-11-02,2023-11-11,,OfferDeclined,False
C0006,SafetyOfficer,University,Izmir,L5,2024-03-15,2024-03-19,2024-03-25,,,InterviewFail,False
C0007,Technician,Internal,Istanbul,L4,2024-06-11,2024-06-21,2024-07-07,,,InterviewFail,False
C0008,SafetyOfficer,LinkedIn,Antalya,L1,2024-02-23,2024-02-29,2024-03-10,,,InterviewFail,False
C0009,SafetyOfficer,Agency,Ankara,L3,2023-10-28,2023-11-03,,,,PreScreenFail,False
C0010,Planner,Internal,Adana,L3,2024-04-05,2024-04-15,2024-05-02,,,InterviewFail,False
C0011,Planner,Agency,Adana,L3,2024-11-12,2024-11-27,2024-12-25,2025-01-04,,OfferDeclined,True
C0012,Technician,Agency,Istanbul,L2,2024-02-11,2024-02-20,2024-02-27,2024-03-07,,OfferDeclined,False
C0013,Maintenance,University,Adana,L1,2023-12-27,2024-01-03,2024-01-18,2024-01-22,,OfferDeclined,False
C0014,Maintenance,LinkedIn,Antalya,L3,2025-01-25,2025-02-02,2025-03-11,2025-03-17,2025-04-12,Hired,True
C0015,Worker,University,Ankara,L3,2024-02-13,2024-02-16,,,,ScreenFail,False
C0016,QualityInspector,Internal,Izmir,L2,2023-10-30,2023-11-05,2023-11-12,2023-11-16,,OfferDeclined,False
C0017,Technician,JobFair,Adana,L2,2024-01-10,2024-01-20,2024-01-30,2024-02-06,2024-02-21,Hired,False
C0018,Maintenance,JobFair,Adana,L2,2024-07-16,2024-07-25,2024-08-10,2024-08-20,,OfferDeclined,False
C0019,Technician,LinkedIn,Istanbul,L3,2023-09-22,2023-09-28,2023-10-10,2023-10-13,2023-10-21,Hired,False
C0020,Technician,LinkedIn,Istanbul,L3,2023-11-12,2023-11-18,2023-12-01,2023-12-11,,NoShow,False
C0021,SafetyOfficer,Internal,Adana,L5,2024-12-28,2025-01-07,,,,ScreenFail,True
C0022,SafetyOfficer,Referral,Bursa,L4,2024-12-22,2024-12-26,2025-01-06,2025-01-10,2025-02-11,Hired,True
C0023,Technician,LinkedIn,Ankara,L5,2024-12-03,2024-12-10,2025-01-11,2025-01-19,,OfferDeclined,True
C0024,Technician,Referral,Adana,L1,2023-10-22,2023-10-25,2023-11-01,,,InterviewFail,False
C0025,Maintenance,LinkedIn,Bursa,L1,2024-02-16,2024-02-25,2024-03-01,2024-03-10,2024-03-21,Hired,False
C0026,Maintenance,LinkedIn,Antalya,L5,2025-01-11,2025-01-18,2025-02-04,2025-02-16,2025-03-08,Hired,True
C0027,Worker,Agency,Istanbul,L3,2023-10-29,2023-11-01,2023-11-21,2023-11-26,2023-12-03,Hired,False
C0028,Technician,Internal,Istanbul,L5,2023-11-09,2023-11-15,2023-12-02,2023-12-06,,NoShow,False
C0029,Worker,University,Adana,L1,2024-11-03,2024-11-22,2024-12-17,2024-12-28,,Withdrawn,True
C0030,QualityInspector,LinkedIn,Bursa,L2,2024-07-04,2024-07-14,2024-07-29,2024-08-02,,OfferDeclined,False
C0031,Worker,JobFair,Istanbul,L5,2024-04-06,2024-04-13,,,,ScreenFail,False
C0032,Planner,Referral,Ankara,L4,2024-07-06,2024-07-09,,,,ScreenFail,False
C0033,Technician,Internal,Antalya,L5,2024-02-07,2024-02-14,2024-02-28,,,InterviewFail,False
C0034,SafetyOfficer,University,Izmir,L5,2025-01-13,2025-01-24,2025-02-01,2025-02-06,2025-03-12,Hired,True
C0035,Technician,LinkedIn,Ankara,L3,2024-02-13,2024-02-23,,,,ScreenFail,False
C0036,SafetyOfficer,Internal,Adana,L1,2024-09-13,2024-10-03,,,,ScreenFail,True
C0037,QualityInspector,Internal,Istanbul,L3,2024-04-03,2024-04-09,2024-04-17,2024-04-25,,NoShow,False
C0038,Maintenance,JobFair,Antalya,L2,2024-04-30,2024-05-05,,,,PreScreenFail,False
C0039,QualityInspector,Agency,Bursa,L2,2024-05-31,2024-06-05,,,,ScreenFail,False
C0040,Maintenance,LinkedIn,Bursa,L3,2024-07-09,2024-07-15,,,,PreScreenFail,False
C0041,QualityInspector,LinkedIn,Istanbul,L3,2024-08-25,2024-09-03,2024-09-18,2024-09-21,2024-09-29,Hired,False
C0042,QualityInspector,LinkedIn,Izmir,L1,2023-12-21,2023-12-30,2024-01-15,2024-01-23,,NoShow,False
C0043,Worker,LinkedIn,Adana,L2,2024-05-18,2024-05-21,2024-06-08,2024-06-11,2024-06-26,Hired,False
C0044,Worker,Agency,Antalya,L2,2024-09-07,2024-09-23,2024-10-02,2024-10-15,,OfferDeclined,True
C0045,Technician,Agency,Izmir,L5,2024-07-13,2024-07-22,,,,PreScreenFail,False
C0046,Planner,LinkedIn,Antalya,L4,2024-02-26,2024-03-04,2024-03-21,,,InterviewFail,False
C0047,Maintenance,Agency,Adana,L3,2024-12-20,2025-01-06,2025-02-08,,,InterviewFail,True
C0048,SafetyOfficer,LinkedIn,Istanbul,L3,2025-02-09,2025-02-22,,,,PreScreenFail,True
C0049,Planner,LinkedIn,Istanbul,L2,2024-12-30,2025-01-04,2025-02-07,2025-02-23,2025-03-14,Hired,True
C0050,Maintenance,University,Ankara,L2,2023-09-06,2023-09-10,2023-09-28,2023-10-04,2023-10-13,Hired,False
C0051,SafetyOfficer,University,Istanbul,L5,2024-05-13,2024-05-17,2024-06-05,2024-06-10,,OfferDeclined,False
C0052,Worker,JobFair,Adana,L3,2024-11-27,2024-12-16,2025-01-17,2025-02-06,2025-03-13,Hired,True
C0053,SafetyOfficer,Internal,Bursa,L3,2024-05-11,2024-05-18,2024-06-07,2024-06-13,,OfferDeclined,False
C0054,SafetyOfficer,LinkedIn,Izmir,L3,2024-07-24,2024-07-28,2024-08-06,,,InterviewFail,False
C0055,Planner,Agency,Istanbul,L4,2024-10-22,2024-11-04,,,,ScreenFail,True
C0056,Maintenance,Referral,Adana,L1,2024-09-24,2024-10-12,2024-10-17,2024-10-31,2024-11-26,Hired,True
C0057,Maintenance,University,Antalya,L5,2024-04-13,2024-04-23,2024-05-05,2024-05-12,,OfferDeclined,False
C0058,Maintenance,Referral,Antalya,L4,2024-02-17,2024-02-27,2024-03-07,,,InterviewFail,False
C0059,Worker,Agency,Istanbul,L4,2024-01-17,2024-01-27,2024-02-06,,,InterviewFail,False
C0060,Planner,University,Izmir,L4,2024-06-11,2024-06-20,,,,ScreenFail,False
C0061,Worker,LinkedIn,Izmir,L2,2023-11-10,2023-11-13,2023-11-18,2023-11-24,2023-12-04,Hired,False
C0062,Worker,LinkedIn,Ankara,L4,2023-12-27,2024-01-02,2024-01-21,,,InterviewFail,False
C0063,Worker,University,Antalya,L1,2024-02-15,2024-02-22,2024-03-01,,,InterviewFail,False
C0064,SafetyOfficer,Internal,Bursa,L4,2024-03-22,2024-03-26,2024-04-07,2024-04-11,2024-04-29,Hired,False
C0065,SafetyOfficer,University,Istanbul,L5,2023-10-13,2023-10-21,2023-11-08,2023-11-16,,OfferDeclined,False
C0066,QualityInspector,LinkedIn,Bursa,L4,2023-12-18,2023-12-27,,,,PreScreenFail,False
C0067,Planner,Agency,Antalya,L3,2025-01-08,2025-01-25,2025-02-26,2025-03-09,,Withdrawn,True
C0068,Technician,LinkedIn,Bursa,L2,2024-12-19,2025-01-03,2025-01-29,2025-02-01,2025-03-11,Hired,True
C0069,Planner,University,Izmir,L3,2024-08-14,2024-08-21,2024-09-03,2024-09-06,2024-09-21,Hired,False
C0070,Technician,LinkedIn,Bursa,L4,2024-05-04,2024-05-14,,,,ScreenFail,False
C0071,QualityInspector,LinkedIn,Antalya,L2,2024-07-10,2024-07-18,2024-08-07,2024-08-15,2024-08-28,Hired,False
C0072,Worker,Referral,Antalya,L4,2024-06-04,2024-06-11,2024-06-24,2024-06-30,2024-07-08,Hired,False
C0073,QualityInspector,LinkedIn,Adana,L2,2024-03-15,2024-03-21,2024-04-10,2024-04-17,,NoShow,False
C0074,Worker,University,Istanbul,L2,2024-06-30,2024-07-06,,,,ScreenFail,False
C0075,Worker,LinkedIn,Istanbul,L1,2024-06-26,2024-07-01,,,,ScreenFail,False
C0076,QualityInspector,University,Bursa,L3,2024-03-07,2024-03-10,2024-03-23,2024-04-02,2024-04-10,Hired,False
C0077,Maintenance,University,Adana,L1,2024-02-03,2024-02-08,,,,ScreenFail,False
C0078,Maintenance,University,Adana,L2,2025-02-17,2025-03-04,2025-04-06,2025-04-23,2025-05-19,Hired,True
C0079,Maintenance,Referral,Adana,L1,2023-12-11,2023-12-17,,,,ScreenFail,False
C0080,Planner,LinkedIn,Istanbul,L2,2023-09-03,2023-09-12,,,,ScreenFail,False
C0081,QualityInspector,Agency,Antalya,L4,2023-11-12,2023-11-18,,,,ScreenFail,False
C0082,Planner,University,Izmir,L2,2023-11-13,2023-11-16,2023-11-26,2023-12-03,2023-12-19,Hired,False
C0083,Worker,Internal,Bursa,L1,2024-12-23,2025-01-04,2025-02-03,2025-02-14,,NoShow,True
C0084,Maintenance,LinkedIn,Istanbul,L4,2024-07-27,2024-08-03,2024-08-08,2024-08-12,2024-08-22,Hired,False
C0085,Worker,University,Istanbul,L3,2023-10-12,2023-10-17,2023-11-06,,,InterviewFail,False
C0086,Worker,Referral,Bursa,L1,2024-12-25,2025-01-08,2025-02-08,2025-02-21,,Withdrawn,True
C0087,Planner,Referral,Antalya,L4,2024-06-22,2024-07-01,2024-07-07,,,InterviewFail,False
C0088,QualityInspector,LinkedIn,Bursa,L5,2023-09-02,2023-09-12,2023-09-30,2023-10-03,,OfferDeclined,False
C0089,Worker,Agency,Antalya,L4,2023-10-23,2023-10-29,,,,PreScreenFail,False
C0090,SafetyOfficer,University,Istanbul,L5,2024-05-03,2024-05-08,2024-05-22,,,InterviewFail,False
C0091,Planner,JobFair,Istanbul,L4,2023-12-30,2024-01-04,2024-01-24,2024-01-31,2024-02-15,Hired,False
C0092,Maintenance,Agency,Bursa,L2,2024-12-11,2024-12-31,2025-01-14,2025-01-29,,Withdrawn,True
C0093,Worker,Agency,Ankara,L1,2024-06-09,2024-06-18,,,,ScreenFail,False
C0094,SafetyOfficer,LinkedIn,Adana,L5,2025-01-14,2025-01-21,2025-02-23,,,InterviewFail,True
C0095,Worker,Agency,Bursa,L4,2024-07-26,2024-08-01,2024-08-13,2024-08-22,,Withdrawn,False
C0096,Maintenance,LinkedIn,Antalya,L4,2024-09-25,2024-10-10,,,,ScreenFail,True
C0097,Worker,Referral,Istanbul,L4,2023-12-12,2023-12-22,2023-12-27,2024-01-01,2024-01-14,Hired,False
C0098,Planner,LinkedIn,Izmir,L3,2024-10-12,2024-10-17,2024-11-12,2024-12-02,2025-01-02,Hired,True
C0099,SafetyOfficer,Agency,Bursa,L5,2023-10-07,2023-10-11,2023-10-23,2023-10-30,,OfferDeclined,False
C0100,Maintenance,JobFair,Antalya,L1,2024-11-28,2024-12-06,2024-12-30,,,InterviewFail,True
C0101,Technician,LinkedIn,Izmir,L4,2024-01-28,2024-02-03,,,,PreScreenFail,False
C0102,Worker,Internal,Adana,L2,2025-01-22,2025-01-29,2025-02-17,2025-03-06,,OfferDeclined,True
C0103,SafetyOfficer,LinkedIn,Bursa,L3,2024-02-09,2024-02-13,2024-03-03,,,InterviewFail,False
C0104,Maintenance,Agency,Bursa,L3,2024-03-22,2024-03-31,2024-04-20,,,InterviewFail,False
C0105,QualityInspector,University,Antalya,L3,2023-09-23,2023-10-02,2023-10-15,2023-10-18,2023-11-03,Hired,False
C0106,SafetyOfficer,JobFair,Adana,L4,2024-06-20,2024-06-26,,,,PreScreenFail,False
C0107,QualityInspector,Agency,Antalya,L2,2023-12-09,2023-12-12,2023-12-26,2024-01-05,,OfferDeclined,False
C0108,SafetyOfficer,LinkedIn,Izmir,L3,2024-10-30,2024-11-07,2024-11-24,2024-12-01,2025-01-11,Hired,True
C0109,QualityInspector,University,Izmir,L2,2024-05-21,2024-05-31,,,,ScreenFail,False
C0110,Technician,LinkedIn,Ankara,L4,2024-09-09,2024-09-14,2024-10-14,2024-10-17,,NoShow,True
C0111,Maintenance,Referral,Antalya,L3,2024-09-25,2024-10-09,,,,ScreenFail,True
C0112,Worker,Referral,Adana,L2,2023-11-04,2023-11-14,,,,ScreenFail,False
C0113,Technician,Referral,Bursa,L1,2023-12-09,2023-12-15,2023-12-24,,,InterviewFail,False
C0114,SafetyOfficer,Agency,Adana,L4,2024-02-06,2024-02-15,2024-02-23,,,InterviewFail,False
C0115,QualityInspector,LinkedIn,Izmir,L2,2024-11-28,2024-12-15,2025-01-04,2025-01-18,2025-01-31,Hired,True
C0116,QualityInspector,University,Antalya,L3,2023-11-02,2023-11-11,2023-11-24,2023-11-30,2023-12-08,Hired,False
C0117,Maintenance,LinkedIn,Ankara,L5,2023-09-22,2023-09-25,2023-10-10,2023-10-16,2023-10-25,Hired,False
C0118,Planner,LinkedIn,Adana,L2,2024-04-09,2024-04-15,2024-04-30,2024-05-05,2024-05-24,Hired,False
C0119,Technician,LinkedIn,Ankara,L2,2024-05-14,2024-05-19,,,,ScreenFail,False
C0120,Planner,University,Istanbul,L2,2024-05-29,2024-06-01,,,,ScreenFail,False
C0121,Technician,University,Izmir,L5,2023-12-21,2023-12-31,2024-01-12,2024-01-15,2024-02-02,Hired,False
C0122,SafetyOfficer,University,Bursa,L1,2023-11-02,2023-11-12,,,,ScreenFail,False
C0123,SafetyOfficer,Internal,Istanbul,L1,2024-07-26,2024-07-31,2024-08-07,2024-08-12,,Withdrawn,False
C0124,Worker,University,Izmir,L4,2024-06-28,2024-07-08,2024-07-26,2024-07-30,2024-08-18,Hired,False
C0125,SafetyOfficer,Agency,Adana,L2,2024-11-14,2024-12-01,2024-12-20,2025-01-05,,NoShow,True
C0126,Maintenance,Referral,Istanbul,L3,2024-11-11,2024-11-24,2024-12-15,2024-12-29,2025-01-14,Hired,True
C0127,Maintenance,LinkedIn,Istanbul,L1,2024-11-16,2024-11-22,,,,ScreenFail,True
C0128,Worker,University,Antalya,L1,2024-10-25,2024-11-08,2024-12-10,2024-12-14,,NoShow,True
C0129,QualityInspector,LinkedIn,Adana,L2,2024-02-06,2024-02-16,2024-02-28,2024-03-03,2024-03-15,Hired,False
C0130,QualityInspector,LinkedIn,Izmir,L5,2024-04-19,2024-04-28,,,,PreScreenFail,False
C0131,SafetyOfficer,Agency,Izmir,L3,2023-09-07,2023-09-12,,,,ScreenFail,False
C0132,SafetyOfficer,JobFair,Istanbul,L5,2024-04-08,2024-04-17,,,,PreScreenFail,False
C0133,QualityInspector,Agency,Adana,L5,2023-11-26,2023-11-29,2023-12-08,2023-12-13,,OfferDeclined,False
C0134,SafetyOfficer,LinkedIn,Bursa,L4,2025-01-10,2025-01-27,2025-02-27,2025-03-10,2025-03-30,Hired,True
C0135,Technician,Referral,Istanbul,L3,2025-01-11,2025-01-30,2025-02-23,,,InterviewFail,True
C0136,Worker,LinkedIn,Ankara,L3,2024-04-04,2024-04-09,,,,ScreenFail,False
C0137,Maintenance,Agency,Ankara,L2,2024-09-24,2024-10-14,2024-11-02,2024-11-21,,NoShow,True
C0138,QualityInspector,LinkedIn,Antalya,L1,2024-11-20,2024-11-23,2024-12-27,2025-01-01,,NoShow,True
C0139,Worker,Referral,Antalya,L4,2024-06-23,2024-06-27,,,,PreScreenFail,False
C0140,Worker,University,Antalya,L3,2023-11-30,2023-12-09,2023-12-17,2023-12-23,,NoShow,False
C0141,Worker,LinkedIn,Izmir,L3,2024-04-14,2024-04-22,2024-05-02,2024-05-06,,Withdrawn,False
C0142,Worker,University,Izmir,L3,2024-01-30,2024-02-05,,,,PreScreenFail,False
C0143,Worker,LinkedIn,Antalya,L1,2024-02-29,2024-03-10,2024-03-29,2024-04-08,2024-04-25,Hired,False
C0144,Worker,University,Adana,L3,2024-07-20,2024-07-25,2024-08-13,2024-08-17,,OfferDeclined,False
C0145,QualityInspector,Agency,Adana,L1,2024-08-26,2024-08-30,,,,ScreenFail,False
C0146,QualityInspector,Agency,Istanbul,L1,2025-02-01,2025-02-16,2025-03-22,,,InterviewFail,True
C0147,Worker,Agency,Izmir,L5,2024-12-31,2025-01-19,,,,ScreenFail,True
C0148,QualityInspector,JobFair,Istanbul,L5,2024-02-24,2024-02-27,2024-03-10,2024-03-20,,OfferDeclined,False
C0149,Worker,LinkedIn,Izmir,L3,2024-10-01,2024-10-17,,,,ScreenFail,True
C0150,Technician,University,Bursa,L3,2024-05-16,2024-05-21,2024-06-05,2024-06-09,,Withdrawn,False
C0151,QualityInspector,Referral,Antalya,L4,2024-01-11,2024-01-15,2024-01-29,2024-02-07,2024-02-24,Hired,False
C0152,Planner,Agency,Antalya,L5,2023-12-05,2023-12-14,2023-12-30,,,InterviewFail,False
C0153,Planner,Referral,Bursa,L2,2024-04-19,2024-04-24,2024-05-03,2024-05-07,2024-05-18,Hired,False
C0154,Technician,University,Adana,L5,2023-10-09,2023-10-17,,,,PreScreenFail,False
C0155,SafetyOfficer,Agency,Ankara,L4,2023-10-15,2023-10-24,2023-11-09,2023-11-15,,OfferDeclined,False
C0156,SafetyOfficer,Agency,Ankara,L5,2024-05-02,2024-05-09,2024-05-29,2024-06-04,,OfferDeclined,False
C0157,Worker,JobFair,Bursa,L3,2024-09-26,2024-10-15,2024-11-22,2024-12-08,2024-12-25,Hired,True
C0158,Worker,LinkedIn,Izmir,L1,2025-01-05,2025-01-19,2025-02-28,2025-03-06,2025-04-15,Hired,True
C0159,QualityInspector,LinkedIn,Ankara,L3,2024-12-04,2024-12-23,2025-01-06,2025-01-22,2025-02-03,Hired,True
C0160,Planner,Agency,Izmir,L1,2024-10-29,2024-11-02,,,,PreScreenFail,True
C0161,Technician,Referral,Istanbul,L3,2023-12-11,2023-12-19,2023-12-28,,,InterviewFail,False
C0162,Maintenance,Agency,Ankara,L4,2024-12-03,2024-12-06,,,,PreScreenFail,True
C0163,Planner,University,Antalya,L5,2025-02-22,2025-03-10,2025-03-22,,,InterviewFail,True
C0164,Technician,LinkedIn,Antalya,L5,2024-12-12,2024-12-17,,,,ScreenFail,True
C0165,Worker,University,Antalya,L2,2024-06-25,2024-07-04,2024-07-09,2024-07-17,,NoShow,False
C0166,Planner,Agency,Istanbul,L5,2024-09-04,2024-09-09,2024-10-17,2024-11-06,,NoShow,True
C0167,Worker,University,Bursa,L4,2023-10-15,2023-10-24,,,,ScreenFail,False
C0168,Technician,Referral,Antalya,L1,2024-08-06,2024-08-11,2024-08-17,,,InterviewFail,False
C0169,SafetyOfficer,LinkedIn,Antalya,L4,2025-01-03,2025-01-11,,,,ScreenFail,True
C0170,Planner,LinkedIn,Ankara,L1,2024-07-20,2024-07-27,,,,ScreenFail,False
C0171,SafetyOfficer,LinkedIn,Izmir,L1,2024-08-05,2024-08-12,2024-08-20,2024-08-28,2024-09-10,Hired,False
C0172,SafetyOfficer,Referral,Bursa,L3,2024-03-10,2024-03-20,2024-04-09,2024-04-17,2024-05-08,Hired,False
C0173,QualityInspector,Agency,Antalya,L4,2023-11-20,2023-11-29,,,,ScreenFail,False
C0174,QualityInspector,Agency,Izmir,L4,2024-11-10,2024-11-18,,,,ScreenFail,True
C0175,QualityInspector,University,Bursa,L3,2023-10-29,2023-11-02,2023-11-19,2023-11-27,2023-12-12,Hired,False
C0176,SafetyOfficer,LinkedIn,Istanbul,L2,2024-11-22,2024-11-26,2024-12-09,2024-12-14,2025-01-05,Hired,True
C0177,QualityInspector,Referral,Adana,L1,2024-02-05,2024-02-15,2024-03-02,2024-03-10,2024-03-24,Hired,False
C0178,Worker,LinkedIn,Izmir,L4,2024-07-18,2024-07-25,2024-08-06,2024-08-10,2024-08-17,Hired,False
C0179,Maintenance,University,Adana,L1,2024-05-26,2024-06-02,2024-06-21,,,InterviewFail,False
C0180,Maintenance,LinkedIn,Ankara,L1,2024-12-06,2024-12-14,2025-01-16,2025-01-21,,Withdrawn,True
C0181,SafetyOfficer,LinkedIn,Adana,L3,2024-07-04,2024-07-09,,,,PreScreenFail,False
C0182,Planner,Agency,Ankara,L4,2023-09-27,2023-10-05,2023-10-21,2023-10-31,2023-11-19,Hired,False
C0183,Planner,University,Istanbul,L1,2024-07-13,2024-07-22,2024-08-11,,,InterviewFail,False
C0184,Worker,LinkedIn,Izmir,L1,2024-12-04,2024-12-21,2025-01-28,2025-02-11,2025-02-26,Hired,True
C0185,Worker,University,Ankara,L2,2024-11-17,2024-12-06,,,,PreScreenFail,True
C0186,Planner,LinkedIn,Antalya,L2,2024-08-20,2024-08-27,2024-09-03,2024-09-10,,Withdrawn,False
C0187,Worker,LinkedIn,Antalya,L3,2023-12-05,2023-12-10,2023-12-19,2023-12-24,,Withdrawn,False
C0188,Worker,Referral,Adana,L1,2023-09-30,2023-10-04,,,,PreScreenFail,False
C0189,Worker,Referral,Antalya,L1,2025-01-22,2025-02-11,2025-03-06,,,InterviewFail,True
C0190,SafetyOfficer,Referral,Bursa,L1,2023-11-01,2023-11-06,2023-11-25,2023-12-04,,OfferDeclined,False
C0191,QualityInspector,University,Izmir,L3,2024-08-19,2024-08-28,2024-09-06,2024-09-14,,NoShow,False
C0192,QualityInspector,LinkedIn,Istanbul,L3,2024-12-04,2024-12-14,2024-12-28,,,InterviewFail,True
C0193,Maintenance,Internal,Bursa,L2,2024-02-11,2024-02-19,,,,PreScreenFail,False
C0194,Worker,University,Izmir,L4,2023-09-24,2023-09-28,,,,PreScreenFail,False
C0195,QualityInspector,LinkedIn,Izmir,L4,2024-12-25,2025-01-06,2025-02-14,2025-02-17,,OfferDeclined,True
C0196,QualityInspector,Agency,Bursa,L3,2023-10-17,2023-10-26,2023-11-01,2023-11-07,,OfferDeclined,False
C0197,Technician,Referral,Bursa,L5,2024-06-13,2024-06-17,2024-06-26,,,InterviewFail,False
C0198,QualityInspector,University,Izmir,L2,2024-03-22,2024-03-31,,,,ScreenFail,False
C0199,QualityInspector,Agency,Adana,L4,2024-01-31,2024-02-05,2024-02-20,,,InterviewFail,False
C0200,Worker,Agency,Izmir,L5,2024-08-10,2024-08-20,,,,ScreenFail,False
C0201,QualityInspector,Agency,Bursa,L5,2024-07-12,2024-07-15,2024-08-04,2024-08-11,,NoShow,False
C0202,Worker,University,Antalya,L1,2025-01-04,2025-01-12,2025-02-19,2025-03-06,2025-03-22,Hired,True
C0203,Planner,LinkedIn,Antalya,L1,2024-03-14,2024-03-17,,,,PreScreenFail,False
C0204,SafetyOfficer,LinkedIn,Adana,L5,2024-12-26,2024-12-30,2025-01-12,2025-01-31,,NoShow,True
C0205,SafetyOfficer,University,Bursa,L3,2024-02-25,2024-03-06,2024-03-21,2024-03-29,2024-04-15,Hired,False
C0206,SafetyOfficer,Agency,Antalya,L3,2025-01-08,2025-01-17,,,,PreScreenFail,True
C0207,QualityInspector,Agency,Antalya,L2,2025-01-13,2025-01-26,2025-03-02,2025-03-16,,Withdrawn,True
C0208,SafetyOfficer,LinkedIn,Istanbul,L5,2024-09-23,2024-10-08,,,,ScreenFail,True
C0209,SafetyOfficer,LinkedIn,Bursa,L3,2025-01-03,2025-01-12,2025-01-29,2025-02-18,2025-03-14,Hired,True
C0210,SafetyOfficer,LinkedIn,Istanbul,L5,2024-05-03,2024-05-09,2024-05-15,,,InterviewFail,False
C0211,Technician,Referral,Antalya,L4,2023-12-12,2023-12-17,2023-12-22,2023-12-27,,Withdrawn,False
C0212,Maintenance,University,Ankara,L3,2024-07-25,2024-08-01,2024-08-07,2024-08-11,,NoShow,False
C0213,Worker,Agency,Istanbul,L2,2024-11-01,2024-11-09,,,,ScreenFail,True
C0214,SafetyOfficer,JobFair,Izmir,L1,2023-09-10,2023-09-17,2023-09-25,2023-10-03,,OfferDeclined,False
C0215,SafetyOfficer,University,Bursa,L2,2025-01-29,2025-02-15,2025-03-09,,,InterviewFail,True
C0216,SafetyOfficer,University,Izmir,L2,2023-09-15,2023-09-23,2023-10-07,2023-10-13,,Withdrawn,False
C0217,SafetyOfficer,Internal,Bursa,L5,2024-08-01,2024-08-05,2024-08-22,2024-08-26,2024-09-04,Hired,False
C0218,Maintenance,Referral,Ankara,L1,2024-05-25,2024-06-03,2024-06-15,,,InterviewFail,False
C0219,QualityInspector,Referral,Antalya,L5,2023-09-12,2023-09-19,2023-10-05,2023-10-11,,Withdrawn,False
C0220,Maintenance,Referral,Bursa,L5,2024-07-15,2024-07-19,,,,PreScreenFail,False
C0221,Planner,University,Bursa,L5,2024-09-17,2024-10-03,2024-11-12,2024-11-30,2025-01-10,Hired,True
C0222,Planner,Agency,Antalya,L5,2023-11-23,2023-12-03,2023-12-19,2023-12-23,,OfferDeclined,False
C0223,Technician,Agency,Adana,L2,2024-02-01,2024-02-06,2024-02-21,2024-03-02,,OfferDeclined,False
C0224,SafetyOfficer,University,Istanbul,L5,2024-11-30,2024-12-04,2025-01-07,,,InterviewFail,True
C0225,Worker,LinkedIn,Bursa,L3,2023-09-23,2023-10-02,,,,PreScreenFail,False
C0226,Technician,LinkedIn,Izmir,L1,2023-11-01,2023-11-05,2023-11-25,,,InterviewFail,False
C0227,Planner,Agency,Antalya,L4,2024-09-18,2024-10-03,,,,ScreenFail,True
C0228,SafetyOfficer,Internal,Ankara,L3,2023-12-31,2024-01-05,2024-01-22,2024-01-27,2024-02-14,Hired,False
C0229,Technician,Agency,Izmir,L4,2024-11-08,2024-11-28,2024-12-27,,,InterviewFail,True
C0230,Planner,LinkedIn,Antalya,L1,2023-10-03,2023-10-12,,,,ScreenFail,False
C0231,Worker,LinkedIn,Adana,L1,2024-05-08,2024-05-11,2024-05-28,2024-06-07,,NoShow,False
C0232,Technician,LinkedIn,Izmir,L2,2024-07-23,2024-07-31,,,,ScreenFail,False
C0233,SafetyOfficer,University,Bursa,L3,2024-06-08,2024-06-11,2024-06-21,2024-06-30,,OfferDeclined,False
C0234,QualityInspector,Internal,Antalya,L4,2025-02-19,2025-03-04,2025-04-04,,,InterviewFail,True
C0235,Planner,Agency,Bursa,L2,2024-04-18,2024-04-25,,,,ScreenFail,False
C0236,Maintenance,JobFair,Adana,L5,2024-01-16,2024-01-25,2024-02-06,,,InterviewFail,False
C0237,Technician,Internal,Izmir,L1,2024-03-14,2024-03-17,2024-03-30,2024-04-08,,NoShow,False
C0238,Technician,Internal,Ankara,L5,2024-04-10,2024-04-20,2024-05-01,2024-05-09,2024-05-20,Hired,False
C0239,Technician,LinkedIn,Ankara,L1,2025-01-03,2025-01-13,2025-01-31,2025-02-15,,NoShow,True
C0240,QualityInspector,Referral,Adana,L3,2024-07-12,2024-07-19,,,,ScreenFail,False
C0241,SafetyOfficer,University,Izmir,L2,2024-09-14,2024-09-27,2024-10-28,2024-11-01,2024-11-22,Hired,True
C0242,Technician,LinkedIn,Adana,L5,2024-11-01,2024-11-13,2024-11-27,,,InterviewFail,True
C0243,Worker,Agency,Bursa,L5,2024-08-11,2024-08-18,,,,ScreenFail,False
C0244,QualityInspector,LinkedIn,Antalya,L5,2025-01-13,2025-01-21,,,,ScreenFail,True
C0245,Technician,Internal,Antalya,L1,2023-09-07,2023-09-16,2023-09-25,2023-10-01,2023-10-09,Hired,False
C0246,Technician,LinkedIn,Bursa,L3,2023-11-01,2023-11-11,2023-12-01,2023-12-04,,NoShow,False
C0247,Maintenance,LinkedIn,Adana,L3,2024-06-20,2024-06-23,2024-07-11,2024-07-16,2024-07-24,Hired,False
C0248,Worker,LinkedIn,Ankara,L5,2025-02-21,2025-03-04,,,,ScreenFail,True
C0249,Maintenance,University,Ankara,L2,2024-07-04,2024-07-08,2024-07-14,,,InterviewFail,False
C0250,Worker,University,Antalya,L1,2024-02-23,2024-02-27,2024-03-18,2024-03-27,2024-04-13,Hired,False
C0251,Worker,JobFair,Istanbul,L5,2023-10-14,2023-10-20,,,,ScreenFail,False
C0252,Technician,Agency,Izmir,L5,2023-10-04,2023-10-09,2023-10-24,2023-10-27,,OfferDeclined,False
C0253,SafetyOfficer,Agency,Istanbul,L3,2024-02-14,2024-02-20,2024-03-08,2024-03-16,,NoShow,False
C0254,Planner,Agency,Antalya,L1,2025-01-25,2025-02-08,,,,PreScreenFail,True
C0255,Technician,Referral,Adana,L5,2024-10-11,2024-10-24,2024-10-30,2024-11-10,,OfferDeclined,True
C0256,QualityInspector,University,Bursa,L4,2024-03-09,2024-03-18,2024-03-25,,,InterviewFail,False
C0257,Technician,LinkedIn,Ankara,L4,2024-02-05,2024-02-14,,,,ScreenFail,False
C0258,QualityInspector,Referral,Izmir,L1,2024-01-14,2024-01-18,2024-01-28,2024-02-06,,NoShow,False
C0259,Worker,Referral,Istanbul,L1,2024-08-28,2024-09-01,2024-09-16,,,InterviewFail,False
C0260,Maintenance,Agency,Antalya,L5,2024-05-06,2024-05-11,,,,PreScreenFail,False
C0261,QualityInspector,University,Istanbul,L2,2024-11-19,2024-11-30,2024-12-31,2025-01-12,2025-02-18,Hired,True
C0262,QualityInspector,LinkedIn,Ankara,L4,2024-03-19,2024-03-29,,,,ScreenFail,False
C0263,Maintenance,Referral,Adana,L4,2024-08-03,2024-08-13,2024-08-28,2024-09-06,2024-09-26,Hired,False
C0264,SafetyOfficer,JobFair,Ankara,L3,2024-07-25,2024-07-31,2024-08-20,2024-08-28,2024-09-06,Hired,False
C0265,QualityInspector,LinkedIn,Antalya,L4,2024-05-06,2024-05-14,2024-05-31,2024-06-07,2024-06-27,Hired,False
C0266,QualityInspector,LinkedIn,Adana,L2,2024-03-03,2024-03-06,2024-03-25,2024-03-31,2024-04-14,Hired,False
C0267,SafetyOfficer,LinkedIn,Bursa,L4,2024-01-21,2024-01-28,,,,PreScreenFail,False
C0268,Maintenance,Agency,Istanbul,L4,2025-01-03,2025-01-18,2025-02-26,2025-03-17,,OfferDeclined,True
C0269,QualityInspector,Agency,Adana,L5,2023-11-27,2023-12-01,2023-12-13,2023-12-21,,OfferDeclined,False
C0270,Technician,University,Antalya,L4,2024-08-05,2024-08-14,2024-08-22,,,InterviewFail,False
C0271,Worker,Agency,Adana,L5,2024-04-14,2024-04-24,2024-05-10,2024-05-19,,NoShow,False
C0272,Worker,Agency,Ankara,L3,2023-09-26,2023-10-06,2023-10-14,2023-10-21,,Withdrawn,False
C0273,Technician,LinkedIn,Antalya,L2,2024-08-22,2024-08-29,,,,PreScreenFail,False
C0274,Maintenance,Referral,Istanbul,L4,2024-12-07,2024-12-20,2024-12-29,2025-01-10,2025-01-19,Hired,True
C0275,Technician,LinkedIn,Izmir,L1,2024-02-16,2024-02-22,2024-03-03,2024-03-08,,NoShow,False
C0276,Maintenance,LinkedIn,Bursa,L2,2024-03-09,2024-03-18,2024-04-04,2024-04-07,,Withdrawn,False
C0277,Planner,Referral,Bursa,L4,2023-09-05,2023-09-11,2023-09-22,2023-09-29,2023-10-18,Hired,False
C0278,Technician,University,Adana,L2,2024-09-09,2024-09-22,2024-10-09,,,InterviewFail,True
C0279,Maintenance,University,Antalya,L3,2024-10-02,2024-10-17,2024-10-29,2024-11-12,2024-12-11,Hired,True
C0280,Worker,LinkedIn,Antalya,L3,2023-11-26,2023-12-01,2023-12-16,,,InterviewFail,False
C0281,Planner,Referral,Ankara,L5,2024-10-02,2024-10-18,,,,PreScreenFail,True
C0282,SafetyOfficer,University,Antalya,L2,2024-02-18,2024-02-28,2024-03-13,,,InterviewFail,False
C0283,Maintenance,University,Izmir,L1,2025-01-09,2025-01-16,2025-02-02,2025-02-17,,OfferDeclined,True
C0284,Maintenance,Referral,Bursa,L4,2024-11-28,2024-12-16,2024-12-31,2025-01-05,2025-01-13,Hired,True
C0285,Planner,LinkedIn,Izmir,L2,2024-06-22,2024-06-27,2024-07-16,2024-07-26,,OfferDeclined,False
C0286,Worker,LinkedIn,Adana,L3,2023-10-13,2023-10-23,2023-11-03,2023-11-12,2023-11-20,Hired,False
C0287,SafetyOfficer,Agency,Izmir,L1,2024-12-04,2024-12-15,2025-01-11,2025-01-16,,Withdrawn,True
C0288,Technician,Agency,Ankara,L2,2024-08-25,2024-09-03,,,,PreScreenFail,False
C0289,Planner,Agency,Adana,L3,2024-06-14,2024-06-19,2024-07-04,2024-07-11,,OfferDeclined,False
C0290,Worker,JobFair,Antalya,L1,2024-01-17,2024-01-26,2024-02-01,2024-02-08,,Withdrawn,False
C0291,SafetyOfficer,Internal,Ankara,L2,2024-07-26,2024-08-01,2024-08-18,2024-08-28,,NoShow,False
C0292,QualityInspector,University,Bursa,L4,2023-11-17,2023-11-21,2023-12-08,2023-12-15,2024-01-02,Hired,False
C0293,QualityInspector,University,Bursa,L3,2023-09-03,2023-09-07,,,,ScreenFail,False
C0294,Worker,Referral,Bursa,L2,2025-01-19,2025-01-30,2025-02-24,2025-03-08,,NoShow,True
C0295,Planner,University,Bursa,L3,2023-10-20,2023-10-23,,,,ScreenFail,False
C0296,Planner,Referral,Istanbul,L4,2024-03-26,2024-03-31,2024-04-14,2024-04-19,2024-05-09,Hired,False
C0297,QualityInspector,LinkedIn,Izmir,L3,2023-11-24,2023-12-02,2023-12-12,2023-12-15,,Withdrawn,False
C0298,SafetyOfficer,Agency,Ankara,L4,2023-12-03,2023-12-07,,,,ScreenFail,False
C0299,Worker,LinkedIn,Antalya,L4,2023-09-10,2023-09-13,2023-09-28,,,InterviewFail,False
C0300,Planner,University,Ankara,L4,2023-12-01,2023-12-05,2023-12-13,2023-12-21,2024-01-02,Hired,False
C0301,Planner,Referral,Ankara,L2,2023-11-10,2023-11-13,2023-11-23,2023-12-03,2023-12-15,Hired,False
C0302,SafetyOfficer,Agency,Bursa,L5,2024-11-27,2024-12-06,2024-12-16,2024-12-22,,NoShow,True
C0303,Worker,Agency,Izmir,L4,2024-07-19,2024-07-24,,,,ScreenFail,False
C0304,Worker,University,Antalya,L5,2024-06-18,2024-06-21,2024-07-05,2024-07-11,,NoShow,False
C0305,Planner,Agency,Izmir,L1,2024-05-03,2024-05-13,2024-05-30,,,InterviewFail,False
C0306,Worker,LinkedIn,Istanbul,L3,2024-07-21,2024-07-26,2024-08-12,2024-08-21,,NoShow,False
C0307,Planner,Agency,Istanbul,L1,2023-11-09,2023-11-12,2023-11-25,2023-12-01,,Withdrawn,False
C0308,Maintenance,University,Antalya,L5,2024-10-30,2024-11-15,2024-12-15,2024-12-20,,NoShow,True
C0309,Planner,LinkedIn,Izmir,L1,2025-02-05,2025-02-14,2025-02-28,,,InterviewFail,True
C0310,SafetyOfficer,Agency,Antalya,L1,2024-07-14,2024-07-23,,,,ScreenFail,False
C0311,Maintenance,LinkedIn,Adana,L5,2023-10-27,2023-11-03,2023-11-13,2023-11-17,2023-11-24,Hired,False
C0312,SafetyOfficer,LinkedIn,Bursa,L3,2025-02-17,2025-03-08,,,,ScreenFail,True
C0313,QualityInspector,Agency,Istanbul,L1,2024-08-09,2024-08-18,2024-08-31,2024-09-04,,OfferDeclined,False
C0314,Worker,University,Bursa,L4,2025-02-05,2025-02-19,2025-02-27,,,InterviewFail,True
C0315,QualityInspector,Agency,Adana,L1,2024-04-21,2024-04-24,,,,ScreenFail,False
C0316,QualityInspector,Referral,Ankara,L2,2023-10-07,2023-10-16,2023-10-28,,,InterviewFail,False
C0317,SafetyOfficer,Referral,Istanbul,L5,2024-09-16,2024-09-22,,,,PreScreenFail,True
C0318,Worker,JobFair,Bursa,L1,2024-12-20,2025-01-01,2025-01-25,2025-02-07,,NoShow,True
C0319,Technician,Referral,Izmir,L5,2024-07-08,2024-07-14,2024-08-02,2024-08-10,2024-08-26,Hired,False
C0320,Planner,Agency,Adana,L2,2024-02-02,2024-02-05,2024-02-23,2024-02-26,,OfferDeclined,False
C0321,SafetyOfficer,Agency,Istanbul,L3,2023-09-02,2023-09-11,2023-09-25,2023-09-29,,OfferDeclined,False
C0322,Planner,Referral,Istanbul,L2,2024-06-13,2024-06-17,2024-06-23,2024-06-29,2024-07-20,Hired,False
C0323,Maintenance,Agency,Izmir,L4,2023-11-26,2023-11-30,2023-12-09,2023-12-18,,OfferDeclined,False
C0324,Technician,Referral,Ankara,L2,2024-06-25,2024-07-02,2024-07-17,2024-07-26,2024-08-13,Hired,False
C0325,QualityInspector,Referral,Izmir,L2,2023-11-16,2023-11-22,,,,ScreenFail,False
C0326,Maintenance,University,Bursa,L1,2024-09-01,2024-09-10,2024-10-13,,,InterviewFail,True
C0327,Technician,LinkedIn,Antalya,L3,2023-10-12,2023-10-18,2023-11-02,2023-11-07,2023-11-15,Hired,False
C0328,QualityInspector,Referral,Istanbul,L3,2024-05-24,2024-05-29,2024-06-03,2024-06-12,,OfferDeclined,False
C0329,SafetyOfficer,University,Istanbul,L4,2023-12-14,2023-12-19,2023-12-27,2023-12-30,2024-01-06,Hired,False
C0330,Planner,LinkedIn,Bursa,L3,2023-11-26,2023-12-03,,,,PreScreenFail,False
C0331,SafetyOfficer,Referral,Ankara,L1,2024-08-05,2024-08-09,,,,PreScreenFail,False
C0332,Worker,Referral,Antalya,L4,2025-01-21,2025-01-24,2025-02-22,,,InterviewFail,True
C0333,Planner,LinkedIn,Bursa,L2,2023-10-06,2023-10-12,2023-10-26,2023-11-05,2023-11-18,Hired,False
C0334,Maintenance,LinkedIn,Izmir,L4,2024-01-19,2024-01-28,2024-02-08,2024-02-14,2024-03-02,Hired,False
C0335,Worker,Agency,Bursa,L3,2025-01-04,2025-01-24,2025-03-01,,,InterviewFail,True
C0336,QualityInspector,LinkedIn,Izmir,L5,2024-04-12,2024-04-15,2024-04-28,2024-05-01,2024-05-20,Hired,False
C0337,Worker,Referral,Adana,L2,2024-02-11,2024-02-15,2024-02-27,2024-03-04,,NoShow,False
C0338,SafetyOfficer,LinkedIn,Ankara,L5,2024-10-02,2024-10-16,2024-11-01,2024-11-09,,NoShow,True
C0339,SafetyOfficer,Agency,Adana,L1,2024-08-26,2024-08-31,2024-09-11,,,InterviewFail,False
C0340,Maintenance,LinkedIn,Istanbul,L2,2024-04-12,2024-04-15,2024-05-05,2024-05-08,2024-05-20,Hired,False
C0341,Planner,Agency,Izmir,L2,2024-07-28,2024-07-31,2024-08-05,2024-08-10,,OfferDeclined,False
C0342,Planner,Agency,Adana,L3,2023-11-14,2023-11-22,2023-12-09,,,InterviewFail,False
C0343,Planner,JobFair,Antalya,L4,2025-01-11,2025-01-24,,,,PreScreenFail,True
C0344,Worker,Agency,Bursa,L3,2024-06-28,2024-07-03,2024-07-13,2024-07-16,,Withdrawn,False
C0345,Maintenance,Internal,Adana,L1,2024-03-05,2024-03-13,2024-03-25,2024-03-29,,OfferDeclined,False
C0346,QualityInspector,Agency,Ankara,L3,2024-07-24,2024-07-29,,,,ScreenFail,False
C0347,Planner,LinkedIn,Istanbul,L3,2024-05-20,2024-05-24,2024-05-29,2024-06-01,,OfferDeclined,False
C0348,Maintenance,JobFair,Bursa,L4,2024-09-22,2024-10-06,2024-11-14,2024-11-29,2024-12-12,Hired,True
C0349,Worker,Agency,Antalya,L2,2024-02-14,2024-02-24,,,,ScreenFail,False
C0350,QualityInspector,JobFair,Istanbul,L3,2024-02-22,2024-03-02,2024-03-12,2024-03-16,2024-03-31,Hired,False
C0351,Technician,Referral,Adana,L4,2023-10-02,2023-10-11,,,,ScreenFail,False
C0352,QualityInspector,LinkedIn,Ankara,L4,2024-05-29,2024-06-05,,,,ScreenFail,False
C0353,Worker,University,Bursa,L2,2023-10-26,2023-11-03,2023-11-08,,,InterviewFail,False
C0354,SafetyOfficer,University,Bursa,L2,2023-12-09,2023-12-12,2023-12-23,,,InterviewFail,False
C0355,Technician,University,Istanbul,L3,2024-10-12,2024-10-30,2024-12-05,2024-12-16,,Withdrawn,True
C0356,Maintenance,LinkedIn,Bursa,L3,2024-03-10,2024-03-20,2024-03-26,2024-04-02,,OfferDeclined,False
C0357,Planner,Agency,Adana,L1,2024-02-02,2024-02-06,2024-02-13,2024-02-21,,OfferDeclined,False
C0358,Worker,LinkedIn,Istanbul,L4,2025-02-17,2025-03-05,2025-04-13,2025-05-01,,OfferDeclined,True
C0359,Technician,Referral,Antalya,L1,2025-01-27,2025-02-15,,,,PreScreenFail,True
C0360,Planner,JobFair,Ankara,L2,2023-10-14,2023-10-23,2023-10-30,2023-11-08,2023-11-18,Hired,False
C0361,SafetyOfficer,LinkedIn,Adana,L3,2024-07-24,2024-07-28,2024-08-04,,,InterviewFail,False
C0362,QualityInspector,Internal,Adana,L4,2023-09-13,2023-09-22,,,,ScreenFail,False
C0363,Worker,University,Istanbul,L1,2023-12-13,2023-12-20,2024-01-05,,,InterviewFail,False
C0364,Maintenance,University,Bursa,L1,2024-02-24,2024-03-02,2024-03-19,2024-03-24,,NoShow,False
C0365,SafetyOfficer,Referral,Bursa,L3,2024-05-01,2024-05-04,2024-05-24,,,InterviewFail,False
C0366,QualityInspector,Agency,Izmir,L3,2024-06-14,2024-06-24,2024-07-02,,,InterviewFail,False
C0367,SafetyOfficer,Referral,Izmir,L3,2024-10-31,2024-11-05,2024-11-22,2024-12-09,2024-12-29,Hired,True
C0368,Maintenance,Agency,Adana,L3,2023-10-28,2023-11-02,2023-11-09,2023-11-16,,OfferDeclined,False
C0369,Planner,Agency,Adana,L5,2023-09-30,2023-10-05,,,,ScreenFail,False
C0370,Technician,University,Izmir,L2,2024-06-07,2024-06-15,2024-07-04,2024-07-13,2024-07-30,Hired,False
C0371,SafetyOfficer,LinkedIn,Izmir,L4,2024-11-30,2024-12-08,2025-01-12,,,InterviewFail,True
C0372,QualityInspector,Agency,Antalya,L1,2024-06-18,2024-06-21,2024-07-08,2024-07-11,,Withdrawn,False
C0373,Planner,Internal,Antalya,L2,2024-03-30,2024-04-06,2024-04-24,2024-04-27,2024-05-17,Hired,False
C0374,SafetyOfficer,LinkedIn,Ankara,L2,2023-09-09,2023-09-15,2023-09-28,2023-10-05,2023-10-23,Hired,False
C0375,SafetyOfficer,LinkedIn,Bursa,L3,2024-12-14,2024-12-25,2025-01-12,2025-01-29,,Withdrawn,True
C0376,Worker,Referral,Istanbul,L1,2025-02-05,2025-02-19,2025-03-31,2025-04-12,2025-05-08,Hired,True
C0377,Maintenance,LinkedIn,Izmir,L3,2024-06-10,2024-06-17,2024-07-01,2024-07-07,,OfferDeclined,False
C0378,Planner,Internal,Adana,L4,2024-07-24,2024-07-29,2024-08-03,,,InterviewFail,False
C0379,Maintenance,Referral,Antalya,L1,2024-03-13,2024-03-21,2024-04-02,2024-04-12,2024-05-03,Hired,False
C0380,QualityInspector,University,Ankara,L5,2024-03-04,2024-03-11,2024-03-19,2024-03-29,2024-04-07,Hired,False
C0381,SafetyOfficer,Agency,Ankara,L3,2023-12-01,2023-12-07,2023-12-23,2023-12-29,,Withdrawn,False
C0382,Maintenance,Agency,Izmir,L3,2024-05-24,2024-05-31,,,,ScreenFail,False
C0383,SafetyOfficer,University,Adana,L1,2024-12-27,2025-01-05,2025-02-11,2025-02-17,,OfferDeclined,True
C0384,Maintenance,LinkedIn,Ankara,L2,2024-03-24,2024-04-01,2024-04-19,,,InterviewFail,False
C0385,SafetyOfficer,LinkedIn,Istanbul,L4,2024-08-06,2024-08-11,2024-08-26,2024-08-29,,OfferDeclined,False
C0386,Planner,Agency,Ankara,L5,2024-02-10,2024-02-20,2024-02-27,,,InterviewFail,False
C0387,Maintenance,Referral,Bursa,L4,2023-09-05,2023-09-08,2023-09-19,2023-09-27,2023-10-04,Hired,False
C0388,Worker,LinkedIn,Antalya,L1,2024-05-12,2024-05-18,,,,ScreenFail,False
C0389,Worker,University,Ankara,L1,2023-10-17,2023-10-24,2023-11-07,2023-11-17,,OfferDeclined,False
C0390,Worker,Referral,Antalya,L2,2024-08-16,2024-08-26,2024-09-11,2024-09-17,2024-09-26,Hired,False
C0391,Maintenance,LinkedIn,Ankara,L2,2024-04-04,2024-04-07,2024-04-17,2024-04-21,2024-05-03,Hired,False
C0392,Technician,Referral,Antalya,L3,2023-10-20,2023-10-23,2023-10-31,2023-11-03,2023-11-10,Hired,False
C0393,Maintenance,Referral,Istanbul,L5,2024-05-16,2024-05-26,2024-06-04,2024-06-10,2024-06-28,Hired,False
C0394,Technician,Referral,Antalya,L1,2025-02-14,2025-02-25,2025-03-10,2025-03-26,,OfferDeclined,True
C0395,Worker,LinkedIn,Istanbul,L1,2025-01-22,2025-01-31,2025-02-17,2025-02-28,2025-04-09,Hired,True
C0396,QualityInspector,Agency,Izmir,L2,2023-10-11,2023-10-21,,,,PreScreenFail,False
C0397,Technician,Agency,Istanbul,L5,2025-01-18,2025-01-25,2025-02-04,2025-02-23,,OfferDeclined,True
C0398,Technician,Internal,Antalya,L2,2024-12-11,2024-12-23,,,,ScreenFail,True
C0399,Planner,Internal,Izmir,L3,2024-07-17,2024-07-26,2024-08-03,2024-08-07,2024-08-27,Hired,False
C0400,Technician,LinkedIn,Ankara,L2,2024-08-02,2024-08-10,2024-08-29,2024-09-05,2024-09-26,Hired,False
C0401,QualityInspector,Agency,Ankara,L1,2024-10-15,2024-10-30,2024-12-03,2024-12-14,,OfferDeclined,True
C0402,Maintenance,Agency,Antalya,L2,2023-12-25,2023-12-30,2024-01-05,,,InterviewFail,False
C0403,Worker,University,Adana,L4,2024-03-04,2024-03-13,2024-03-29,2024-04-01,2024-04-21,Hired,False
C0404,SafetyOfficer,JobFair,Ankara,L4,2025-01-12,2025-01-18,,,,ScreenFail,True
C0405,SafetyOfficer,Referral,Antalya,L5,2024-04-17,2024-04-25,2024-05-03,2024-05-12,2024-05-29,Hired,False
C0406,Maintenance,Referral,Antalya,L4,2024-01-31,2024-02-03,2024-02-08,2024-02-13,2024-02-28,Hired,False
C0407,Maintenance,Internal,Istanbul,L4,2024-07-25,2024-07-31,2024-08-15,2024-08-22,,OfferDeclined,False
C0408,Worker,University,Bursa,L2,2023-11-20,2023-11-30,2023-12-19,2023-12-29,2024-01-06,Hired,False
C0409,Maintenance,Referral,Bursa,L1,2023-12-15,2023-12-24,2024-01-11,2024-01-14,,NoShow,False
C0410,Technician,Agency,Adana,L3,2025-02-02,2025-02-22,2025-03-12,,,InterviewFail,True
C0411,Technician,Agency,Bursa,L3,2024-12-28,2025-01-11,2025-02-13,2025-02-19,,NoShow,True
C0412,Planner,LinkedIn,Izmir,L3,2025-02-16,2025-03-02,2025-03-13,2025-03-17,,OfferDeclined,True
C0413,SafetyOfficer,Agency,Bursa,L1,2024-05-18,2024-05-24,2024-06-04,2024-06-08,,Withdrawn,False
C0414,Planner,University,Ankara,L3,2023-12-20,2023-12-29,2024-01-04,2024-01-08,2024-01-27,Hired,False
C0415,Maintenance,Agency,Adana,L2,2025-01-23,2025-01-26,2025-03-05,2025-03-09,,Withdrawn,True
C0416,Worker,University,Adana,L2,2024-02-25,2024-03-01,2024-03-09,2024-03-18,,NoShow,False
C0417,QualityInspector,University,Bursa,L4,2024-05-12,2024-05-19,2024-06-05,2024-06-13,,OfferDeclined,False
C0418,Planner,LinkedIn,Adana,L5,2024-07-03,2024-07-11,2024-07-22,2024-07-28,,Withdrawn,False
C0419,QualityInspector,Agency,Antalya,L2,2024-03-01,2024-03-09,2024-03-17,,,InterviewFail,False
C0420,Worker,Internal,Antalya,L4,2024-06-19,2024-06-28,2024-07-03,,,InterviewFail,False
C0421,Technician,Agency,Ankara,L3,2024-02-12,2024-02-19,,,,ScreenFail,False
C0422,QualityInspector,LinkedIn,Adana,L1,2024-09-02,2024-09-19,2024-09-30,2024-10-20,2024-11-10,Hired,True
C0423,Worker,Referral,Adana,L3,2023-10-19,2023-10-28,2023-11-14,2023-11-23,2023-12-12,Hired,False
C0424,QualityInspector,JobFair,Istanbul,L1,2024-05-15,2024-05-21,2024-06-09,2024-06-15,,Withdrawn,False
C0425,SafetyOfficer,University,Adana,L5,2024-03-20,2024-03-26,2024-04-09,2024-04-19,2024-04-28,Hired,False
C0426,Technician,LinkedIn,Ankara,L5,2024-01-01,2024-01-10,2024-01-16,2024-01-25,,NoShow,False
C0427,Planner,LinkedIn,Izmir,L1,2024-08-04,2024-08-14,2024-08-23,2024-08-26,2024-09-04,Hired,False
C0428,Worker,LinkedIn,Antalya,L5,2024-07-05,2024-07-15,2024-07-31,2024-08-04,2024-08-23,Hired,False
C0429,Worker,LinkedIn,Ankara,L5,2023-11-09,2023-11-14,2023-12-02,,,InterviewFail,False
C0430,Planner,Agency,Izmir,L3,2024-06-27,2024-07-03,2024-07-23,2024-07-26,,OfferDeclined,False
C0431,Maintenance,LinkedIn,Antalya,L5,2024-05-07,2024-05-10,2024-05-25,2024-06-03,2024-06-24,Hired,False
C0432,Technician,Referral,Adana,L3,2023-09-26,2023-10-04,2023-10-23,,,InterviewFail,False
C0433,SafetyOfficer,LinkedIn,Adana,L1,2023-12-08,2023-12-13,2023-12-18,2023-12-22,,Withdrawn,False
C0434,Planner,Internal,Bursa,L1,2024-03-29,2024-04-07,2024-04-14,2024-04-19,,OfferDeclined,False
C0435,QualityInspector,LinkedIn,Istanbul,L1,2024-03-01,2024-03-08,2024-03-15,,,InterviewFail,False
C0436,Maintenance,University,Bursa,L4,2024-07-20,2024-07-23,,,,ScreenFail,False
C0437,SafetyOfficer,University,Antalya,L5,2023-10-17,2023-10-21,2023-11-06,2023-11-10,2023-11-21,Hired,False
C0438,QualityInspector,University,Izmir,L4,2024-09-25,2024-10-10,2024-10-16,2024-11-03,,NoShow,True
C0439,Planner,Agency,Adana,L3,2024-01-26,2024-02-02,2024-02-18,2024-02-21,,Withdrawn,False
C0440,Planner,LinkedIn,Istanbul,L5,2024-10-08,2024-10-28,,,,PreScreenFail,True
C0441,SafetyOfficer,Internal,Izmir,L2,2024-10-27,2024-11-15,,,,PreScreenFail,True
C0442,QualityInspector,LinkedIn,Ankara,L5,2023-10-26,2023-11-05,,,,ScreenFail,False
C0443,Technician,LinkedIn,Adana,L4,2024-08-04,2024-08-12,2024-08-21,,,InterviewFail,False
C0444,Technician,Internal,Izmir,L4,2024-12-05,2024-12-18,2025-01-11,2025-01-18,2025-02-17,Hired,True
C0445,Maintenance,LinkedIn,Izmir,L2,2024-04-14,2024-04-23,2024-05-06,2024-05-14,,Withdrawn,False
C0446,QualityInspector,Internal,Bursa,L4,2024-09-02,2024-09-14,,,,PreScreenFail,True
C0447,Worker,LinkedIn,Izmir,L2,2024-03-20,2024-03-27,,,,ScreenFail,False
C0448,Worker,University,Adana,L5,2024-10-19,2024-10-28,2024-11-04,2024-11-24,,NoShow,True
C0449,Worker,University,Ankara,L3,2024-10-06,2024-10-16,2024-11-08,2024-11-15,,OfferDeclined,True
C0450,Technician,Referral,Adana,L1,2024-05-02,2024-05-07,,,,PreScreenFail,False
C0451,Worker,Agency,Ankara,L4,2024-09-02,2024-09-06,,,,ScreenFail,True
C0452,QualityInspector,LinkedIn,Antalya,L2,2025-02-12,2025-02-26,2025-03-27,2025-04-14,2025-05-20,Hired,True
C0453,Technician,JobFair,Izmir,L1,2025-02-15,2025-02-26,2025-03-19,,,InterviewFail,True
C0454,Maintenance,Referral,Antalya,L1,2025-02-11,2025-02-22,2025-03-23,,,InterviewFail,True
C0455,QualityInspector,University,Bursa,L5,2023-09-07,2023-09-12,,,,ScreenFail,False
C0456,SafetyOfficer,LinkedIn,Ankara,L2,2024-02-09,2024-02-17,2024-02-25,2024-03-02,2024-03-15,Hired,False
C0457,SafetyOfficer,LinkedIn,Antalya,L4,2025-01-03,2025-01-12,2025-01-27,,,InterviewFail,True
C0458,Planner,University,Ankara,L2,2025-02-06,2025-02-10,2025-02-24,,,InterviewFail,True
C0459,Planner,University,Bursa,L5,2023-09-20,2023-09-27,2023-10-04,2023-10-10,,NoShow,False
C0460,Maintenance,Internal,Ankara,L2,2024-10-25,2024-11-01,,,,PreScreenFail,True
C0461,SafetyOfficer,Referral,Bursa,L5,2023-11-10,2023-11-16,,,,ScreenFail,False
C0462,Planner,University,Adana,L4,2024-02-01,2024-02-05,2024-02-15,2024-02-25,,Withdrawn,False
C0463,Technician,Internal,Adana,L5,2023-12-30,2024-01-03,2024-01-23,2024-01-28,,NoShow,False
C0464,Technician,Internal,Antalya,L4,2025-02-16,2025-03-04,2025-04-01,,,InterviewFail,True
C0465,Maintenance,Agency,Bursa,L3,2023-12-10,2023-12-19,2023-12-28,2024-01-04,,NoShow,False
C0466,Technician,LinkedIn,Adana,L4,2024-05-21,2024-05-27,2024-06-01,2024-06-04,,OfferDeclined,False
C0467,Worker,LinkedIn,Antalya,L2,2024-07-20,2024-07-29,2024-08-14,,,InterviewFail,False
C0468,Worker,LinkedIn,Adana,L4,2024-09-09,2024-09-20,2024-10-20,2024-10-29,,NoShow,True
C0469,Worker,University,Izmir,L5,2025-01-08,2025-01-19,2025-02-12,2025-02-26,2025-03-30,Hired,True
C0470,SafetyOfficer,LinkedIn,Ankara,L4,2024-02-13,2024-02-17,2024-02-28,,,InterviewFail,False
C0471,Worker,University,Antalya,L1,2024-02-12,2024-02-21,,,,ScreenFail,False
C0472,Worker,Referral,Istanbul,L3,2024-04-15,2024-04-23,2024-04-30,,,InterviewFail,False
C0473,Maintenance,University,Adana,L3,2023-10-29,2023-11-03,,,,PreScreenFail,False
C0474,SafetyOfficer,Internal,Adana,L3,2024-03-18,2024-03-21,,,,ScreenFail,False
C0475,Planner,Agency,Ankara,L1,2024-06-09,2024-06-18,2024-07-04,2024-07-13,,OfferDeclined,False
C0476,Worker,LinkedIn,Antalya,L1,2023-12-02,2023-12-09,2023-12-25,,,InterviewFail,False
C0477,Worker,JobFair,Bursa,L4,2023-09-05,2023-09-12,,,,ScreenFail,False
C0478,Technician,University,Izmir,L1,2025-02-07,2025-02-18,2025-03-29,2025-04-09,2025-05-14,Hired,True
C0479,Worker,University,Ankara,L3,2024-12-13,2024-12-30,2025-01-05,,,InterviewFail,True
C0480,Maintenance,University,Ankara,L2,2024-07-20,2024-07-29,2024-08-14,2024-08-17,2024-09-04,Hired,False
C0481,Planner,LinkedIn,Bursa,L3,2023-11-17,2023-11-22,,,,PreScreenFail,False
C0482,Worker,LinkedIn,Antalya,L2,2025-01-23,2025-02-01,,,,PreScreenFail,True
C0483,Planner,Agency,Adana,L3,2024-02-07,2024-02-11,2024-02-19,2024-02-23,2024-03-11,Hired,False
C0484,Maintenance,University,Adana,L1,2025-01-06,2025-01-20,2025-02-14,2025-03-04,,OfferDeclined,True
C0485,Worker,LinkedIn,Ankara,L5,2024-01-10,2024-01-13,,,,ScreenFail,False
C0486,QualityInspector,Referral,Antalya,L2,2024-12-12,2024-12-18,2025-01-25,2025-02-11,2025-03-10,Hired,True
C0487,Technician,Agency,Bursa,L5,2023-12-13,2023-12-21,2024-01-06,2024-01-13,,OfferDeclined,False
C0488,Planner,LinkedIn,Adana,L3,2024-09-09,2024-09-17,2024-10-23,,,InterviewFail,True
C0489,QualityInspector,Referral,Bursa,L3,2024-12-05,2024-12-13,2024-12-26,2025-01-05,2025-01-18,Hired,True
C0490,Planner,University,Bursa,L2,2024-01-28,2024-02-02,2024-02-22,,,InterviewFail,False
C0491,Planner,JobFair,Antalya,L5,2024-07-20,2024-07-30,2024-08-13,2024-08-20,2024-09-04,Hired,False
C0492,Technician,Referral,Antalya,L2,2023-11-01,2023-11-07,2023-11-20,2023-11-30,,Withdrawn,False
C0493,Maintenance,Agency,Izmir,L3,2024-09-03,2024-09-23,,,,ScreenFail,True
C0494,Technician,Referral,Antalya,L5,2024-03-22,2024-03-27,2024-04-10,2024-04-18,,Withdrawn,False
C0495,Maintenance,Agency,Bursa,L1,2024-09-25,2024-10-07,2024-11-10,2024-11-17,,OfferDeclined,True
C0496,QualityInspector,Referral,Adana,L5,2024-10-19,2024-10-24,,,,PreScreenFail,True
C0497,QualityInspector,Agency,Antalya,L3,2024-10-09,2024-10-20,2024-11-22,2024-12-06,2025-01-15,Hired,True
C0498,Maintenance,LinkedIn,Istanbul,L2,2024-04-28,2024-05-05,2024-05-12,,,InterviewFail,False
C0499,Technician,LinkedIn,Bursa,L5,2023-10-26,2023-10-29,2023-11-15,,,InterviewFail,False
C0500,Planner,LinkedIn,Bursa,L3,2024-04-22,2024-04-28,,,,ScreenFail,False
C0501,Worker,Agency,Istanbul,L1,2024-08-31,2024-09-08,2024-09-28,2024-10-08,,OfferDeclined,False
C0502,QualityInspector,University,Ankara,L5,2024-02-29,2024-03-10,2024-03-28,,,InterviewFail,False
C0503,Worker,LinkedIn,Istanbul,L4,2024-07-12,2024-07-20,2024-08-07,,,InterviewFail,False
C0504,Technician,University,Ankara,L3,2024-06-20,2024-06-30,2024-07-05,2024-07-15,,OfferDeclined,False
C0505,Technician,Agency,Izmir,L5,2024-04-24,2024-04-27,2024-05-13,2024-05-19,,Withdrawn,False
C0506,Maintenance,Referral,Ankara,L4,2024-09-22,2024-10-02,2024-10-23,2024-10-28,,Withdrawn,True
C0507,Worker,Agency,Adana,L3,2024-06-18,2024-06-25,,,,ScreenFail,False
C0508,Planner,LinkedIn,Antalya,L4,2024-12-07,2024-12-18,,,,ScreenFail,True
C0509,Technician,JobFair,Istanbul,L2,2023-12-14,2023-12-21,2024-01-03,2024-01-08,,OfferDeclined,False
C0510,Technician,LinkedIn,Ankara,L1,2025-01-18,2025-01-27,2025-02-22,2025-03-10,2025-04-05,Hired,True
C0511,Maintenance,JobFair,Bursa,L1,2024-08-04,2024-08-08,2024-08-17,2024-08-20,2024-08-31,Hired,False
C0512,Technician,University,Ankara,L2,2024-05-14,2024-05-23,2024-05-28,2024-06-01,2024-06-20,Hired,False
C0513,Maintenance,Agency,Bursa,L2,2023-10-05,2023-10-11,2023-10-30,2023-11-03,,OfferDeclined,False
C0514,Planner,University,Antalya,L3,2024-07-27,2024-08-01,2024-08-07,2024-08-11,,OfferDeclined,False
C0515,QualityInspector,LinkedIn,Istanbul,L2,2023-12-25,2023-12-31,,,,PreScreenFail,False
C0516,QualityInspector,University,Bursa,L2,2023-09-10,2023-09-13,2023-10-03,2023-10-08,2023-10-20,Hired,False
C0517,Planner,LinkedIn,Istanbul,L5,2024-08-12,2024-08-15,,,,PreScreenFail,False
C0518,Worker,Agency,Ankara,L4,2024-04-26,2024-05-04,,,,ScreenFail,False
C0519,SafetyOfficer,Referral,Antalya,L2,2024-05-14,2024-05-17,2024-06-06,,,InterviewFail,False
C0520,SafetyOfficer,University,Adana,L2,2024-08-22,2024-08-30,2024-09-18,2024-09-25,2024-10-15,Hired,False
C0521,Worker,LinkedIn,Adana,L2,2024-12-04,2024-12-16,2025-01-06,2025-01-26,,OfferDeclined,True
C0522,SafetyOfficer,University,Antalya,L2,2023-09-20,2023-09-28,,,,ScreenFail,False
C0523,Worker,Agency,Ankara,L5,2025-01-22,2025-02-11,2025-02-25,,,InterviewFail,True
C0524,QualityInspector,LinkedIn,Adana,L1,2023-10-15,2023-10-20,,,,ScreenFail,False
C0525,Planner,LinkedIn,Adana,L4,2025-01-14,2025-02-02,,,,PreScreenFail,True
C0526,SafetyOfficer,LinkedIn,Ankara,L4,2023-11-21,2023-12-01,2023-12-07,2023-12-15,2023-12-30,Hired,False
C0527,Maintenance,Agency,Antalya,L1,2024-05-30,2024-06-02,2024-06-09,2024-06-16,,Withdrawn,False
C0528,Worker,LinkedIn,Antalya,L2,2024-09-29,2024-10-08,2024-10-25,2024-11-13,,NoShow,True
C0529,Planner,University,Adana,L4,2023-12-18,2023-12-26,,,,ScreenFail,False
C0530,Planner,University,Adana,L3,2024-02-09,2024-02-19,2024-03-06,2024-03-14,2024-03-29,Hired,False
C0531,QualityInspector,Agency,Bursa,L4,2024-07-28,2024-08-03,2024-08-14,2024-08-23,,OfferDeclined,False
C0532,SafetyOfficer,LinkedIn,Bursa,L4,2024-10-11,2024-10-14,2024-10-21,2024-11-02,,OfferDeclined,True
C0533,QualityInspector,LinkedIn,Ankara,L2,2024-07-19,2024-07-22,,,,ScreenFail,False
C0534,QualityInspector,LinkedIn,Izmir,L3,2024-05-13,2024-05-19,2024-06-01,2024-06-08,,NoShow,False
C0535,Worker,Internal,Antalya,L1,2024-07-29,2024-08-08,2024-08-18,2024-08-28,2024-09-17,Hired,False
C0536,SafetyOfficer,University,Istanbul,L5,2024-07-04,2024-07-07,,,,ScreenFail,False
C0537,QualityInspector,Referral,Bursa,L4,2024-01-02,2024-01-08,2024-01-13,,,InterviewFail,False
C0538,Technician,Referral,Adana,L2,2024-07-31,2024-08-06,2024-08-15,2024-08-18,2024-09-04,Hired,False
C0539,Maintenance,JobFair,Adana,L5,2025-01-29,2025-02-03,2025-02-22,2025-03-10,2025-04-04,Hired,True
C0540,Planner,LinkedIn,Istanbul,L4,2023-10-21,2023-10-30,2023-11-12,2023-11-16,,OfferDeclined,False
C0541,SafetyOfficer,LinkedIn,Ankara,L4,2024-03-21,2024-03-31,2024-04-17,2024-04-23,,Withdrawn,False
C0542,SafetyOfficer,University,Ankara,L1,2024-05-30,2024-06-08,2024-06-23,2024-06-27,,Withdrawn,False
C0543,Maintenance,Referral,Ankara,L3,2024-08-18,2024-08-21,2024-09-04,2024-09-09,,Withdrawn,False
C0544,Maintenance,University,Bursa,L1,2024-04-27,2024-05-03,2024-05-19,2024-05-24,2024-06-12,Hired,False
C0545,Technician,LinkedIn,Istanbul,L2,2024-01-30,2024-02-06,2024-02-11,2024-02-19,2024-03-08,Hired,False
C0546,QualityInspector,University,Istanbul,L3,2024-04-02,2024-04-08,2024-04-19,2024-04-26,,OfferDeclined,False
C0547,SafetyOfficer,JobFair,Antalya,L1,2024-09-20,2024-10-09,,,,ScreenFail,True
C0548,Planner,Agency,Adana,L3,2023-10-25,2023-11-04,2023-11-09,2023-11-13,,OfferDeclined,False
C0549,SafetyOfficer,Internal,Antalya,L3,2023-12-20,2023-12-23,2024-01-06,2024-01-15,2024-01-25,Hired,False
C0550,Worker,JobFair,Istanbul,L3,2025-01-09,2025-01-29,2025-02-08,2025-02-16,,OfferDeclined,True
C0551,Maintenance,University,Antalya,L1,2023-10-11,2023-10-17,2023-10-31,,,InterviewFail,False
C0552,Planner,LinkedIn,Antalya,L3,2024-08-29,2024-09-05,,,,ScreenFail,False
C0553,QualityInspector,Internal,Istanbul,L5,2024-06-13,2024-06-19,2024-06-28,,,InterviewFail,False
C0554,Planner,LinkedIn,Bursa,L5,2024-04-20,2024-04-29,2024-05-11,2024-05-16,2024-05-29,Hired,False
C0555,Worker,Referral,Adana,L2,2024-03-30,2024-04-04,2024-04-15,2024-04-20,2024-05-01,Hired,False
C0556,Worker,Internal,Bursa,L2,2024-02-09,2024-02-17,2024-02-24,,,InterviewFail,False
C0557,Planner,Agency,Izmir,L4,2024-10-26,2024-11-07,2024-12-10,2024-12-21,,NoShow,True
C0558,Technician,LinkedIn,Istanbul,L5,2024-05-31,2024-06-06,,,,ScreenFail,False
C0559,Technician,Agency,Bursa,L2,2025-01-27,2025-02-14,2025-03-14,,,InterviewFail,True
C0560,Planner,LinkedIn,Ankara,L1,2024-10-23,2024-10-26,2024-11-17,2024-12-03,2024-12-24,Hired,True
C0561,Planner,Agency,Istanbul,L2,2024-11-23,2024-12-11,2025-01-05,,,InterviewFail,True
C0562,Technician,University,Bursa,L3,2024-10-08,2024-10-28,,,,ScreenFail,True
C0563,Maintenance,Agency,Istanbul,L2,2025-02-13,2025-03-05,2025-04-04,,,InterviewFail,True
C0564,SafetyOfficer,JobFair,Ankara,L3,2024-11-24,2024-12-09,,,,PreScreenFail,True
C0565,QualityInspector,University,Istanbul,L5,2024-01-24,2024-02-03,2024-02-22,2024-02-26,,OfferDeclined,False
C0566,Planner,Agency,Antalya,L5,2024-01-17,2024-01-26,,,,ScreenFail,False
C0567,Maintenance,University,Antalya,L2,2024-12-09,2024-12-14,2025-01-04,2025-01-17,2025-02-03,Hired,True
C0568,Technician,LinkedIn,Antalya,L4,2024-09-06,2024-09-11,2024-10-19,2024-11-03,,Withdrawn,True
C0569,Planner,Referral,Bursa,L1,2024-02-22,2024-03-01,,,,ScreenFail,False
C0570,SafetyOfficer,LinkedIn,Izmir,L3,2024-11-30,2024-12-12,2024-12-28,2025-01-03,2025-01-18,Hired,True
C0571,Technician,University,Izmir,L1,2024-12-13,2024-12-31,2025-02-05,2025-02-25,,NoShow,True
C0572,Maintenance,LinkedIn,Adana,L4,2024-12-08,2024-12-24,2025-01-26,,,InterviewFail,True
C0573,Worker,LinkedIn,Antalya,L5,2024-03-31,2024-04-03,2024-04-13,2024-04-18,,Withdrawn,False
C0574,Technician,LinkedIn,Istanbul,L5,2024-07-02,2024-07-10,2024-07-17,,,InterviewFail,False
C0575,Planner,LinkedIn,Izmir,L5,2024-02-29,2024-03-10,2024-03-26,2024-03-29,2024-04-06,Hired,False
C0576,QualityInspector,Referral,Bursa,L1,2024-11-11,2024-12-01,,,,ScreenFail,True
C0577,SafetyOfficer,Internal,Izmir,L5,2024-10-28,2024-11-16,,,,ScreenFail,True
C0578,SafetyOfficer,JobFair,Adana,L1,2025-01-08,2025-01-20,2025-02-21,2025-03-06,,OfferDeclined,True
C0579,Worker,Referral,Ankara,L5,2025-01-21,2025-02-09,2025-03-17,2025-04-04,2025-04-22,Hired,True
C0580,Planner,Agency,Ankara,L1,2023-12-31,2024-01-03,2024-01-22,2024-01-26,,NoShow,False
C0581,Worker,JobFair,Bursa,L1,2024-08-07,2024-08-15,,,,PreScreenFail,False
C0582,QualityInspector,LinkedIn,Istanbul,L3,2024-07-04,2024-07-12,2024-07-17,,,InterviewFail,False
C0583,Maintenance,Agency,Adana,L1,2024-02-27,2024-03-04,2024-03-19,2024-03-27,,OfferDeclined,False
C0584,Maintenance,Agency,Antalya,L2,2025-01-06,2025-01-13,2025-02-16,,,InterviewFail,True
C0585,Maintenance,Internal,Istanbul,L5,2024-07-03,2024-07-11,2024-07-16,2024-07-22,2024-08-07,Hired,False
C0586,QualityInspector,LinkedIn,Ankara,L3,2023-10-02,2023-10-10,2023-10-27,2023-11-01,,NoShow,False
C0587,Planner,University,Izmir,L3,2023-10-03,2023-10-10,2023-10-28,2023-11-01,2023-11-15,Hired,False
C0588,QualityInspector,University,Izmir,L2,2025-02-19,2025-03-03,2025-03-19,2025-03-25,2025-04-24,Hired,True
C0589,Planner,Internal,Bursa,L5,2023-09-26,2023-10-06,2023-10-15,2023-10-21,2023-11-02,Hired,False
C0590,SafetyOfficer,Internal,Izmir,L3,2024-01-25,2024-01-29,,,,ScreenFail,False
C0591,Maintenance,Agency,Adana,L1,2023-09-05,2023-09-12,2023-09-18,,,InterviewFail,False
C0592,Technician,LinkedIn,Antalya,L3,2023-09-24,2023-10-01,,,,PreScreenFail,False
C0593,QualityInspector,University,Bursa,L1,2024-06-06,2024-06-11,,,,ScreenFail,False
C0594,Worker,University,Istanbul,L2,2024-08-24,2024-09-01,2024-09-14,2024-09-19,2024-10-07,Hired,False
C0595,Worker,LinkedIn,Istanbul,L3,2024-08-12,2024-08-22,2024-08-28,2024-09-02,,OfferDeclined,False
C0596,SafetyOfficer,LinkedIn,Bursa,L1,2023-11-28,2023-12-07,2023-12-24,2023-12-29,,NoShow,False
C0597,Worker,University,Antalya,L4,2024-08-30,2024-09-06,2024-09-21,2024-09-27,2024-10-15,Hired,False
C0598,Worker,LinkedIn,Bursa,L5,2024-01-13,2024-01-17,2024-02-05,,,InterviewFail,False
C0599,SafetyOfficer,Agency,Bursa,L4,2024-04-25,2024-05-01,2024-05-10,,,InterviewFail,False
C0600,Planner,Agency,Antalya,L3,2024-07-29,2024-08-08,2024-08-28,,,InterviewFail,False
C0601,QualityInspector,University,Ankara,L3,2024-08-22,2024-08-27,2024-09-04,2024-09-13,2024-10-03,Hired,False
C0602,Technician,Referral,Antalya,L1,2024-07-06,2024-07-16,2024-08-02,2024-08-11,,Withdrawn,False
C0603,Worker,LinkedIn,Bursa,L4,2023-11-07,2023-11-15,2023-11-26,2023-12-05,2023-12-24,Hired,False
C0604,Worker,Agency,Adana,L2,2024-02-25,2024-02-29,2024-03-20,2024-03-24,,OfferDeclined,False
C0605,QualityInspector,University,Bursa,L2,2024-07-12,2024-07-21,2024-07-28,2024-08-01,2024-08-18,Hired,False
C0606,Maintenance,Referral,Antalya,L1,2023-12-02,2023-12-08,,,,ScreenFail,False
C0607,Planner,University,Izmir,L4,2024-12-01,2024-12-10,2024-12-28,2025-01-10,,NoShow,True
C0608,SafetyOfficer,Referral,Bursa,L3,2023-12-01,2023-12-04,2023-12-21,,,InterviewFail,False
C0609,QualityInspector,Internal,Istanbul,L1,2024-09-02,2024-09-08,2024-10-01,2024-10-04,,OfferDeclined,True
C0610,Worker,Referral,Izmir,L4,2024-10-20,2024-11-04,2024-12-06,2024-12-26,,Withdrawn,True
C0611,Maintenance,LinkedIn,Adana,L4,2024-09-03,2024-09-19,,,,ScreenFail,True
C0612,Technician,University,Ankara,L4,2024-11-21,2024-11-28,2024-12-08,2024-12-15,2025-01-17,Hired,True
C0613,SafetyOfficer,University,Bursa,L5,2024-03-03,2024-03-13,2024-03-31,,,InterviewFail,False
C0614,Planner,Referral,Istanbul,L5,2025-01-23,2025-02-02,2025-03-11,2025-03-22,2025-04-24,Hired,True
C0615,Worker,Referral,Istanbul,L5,2025-01-07,2025-01-21,,,,ScreenFail,True
C0616,SafetyOfficer,University,Izmir,L4,2025-02-11,2025-02-16,2025-03-26,2025-03-31,,OfferDeclined,True
C0617,SafetyOfficer,Agency,Antalya,L1,2024-07-16,2024-07-19,2024-08-03,,,InterviewFail,False
C0618,Maintenance,University,Izmir,L4,2024-08-27,2024-09-03,2024-09-17,2024-09-22,2024-09-29,Hired,False
C0619,Worker,Agency,Antalya,L5,2024-05-24,2024-05-27,,,,ScreenFail,False
C0620,QualityInspector,Agency,Adana,L1,2024-06-20,2024-06-30,,,,ScreenFail,False
C0621,QualityInspector,LinkedIn,Adana,L3,2024-06-08,2024-06-15,,,,PreScreenFail,False
C0622,Worker,Agency,Antalya,L4,2024-09-13,2024-09-21,,,,ScreenFail,True
C0623,Worker,Internal,Izmir,L1,2024-01-27,2024-02-01,2024-02-21,,,InterviewFail,False
C0624,SafetyOfficer,Referral,Antalya,L2,2024-04-03,2024-04-11,2024-04-17,2024-04-24,2024-05-13,Hired,False
C0625,Technician,LinkedIn,Bursa,L4,2024-07-05,2024-07-15,2024-07-27,2024-08-05,2024-08-22,Hired,False
C0626,Maintenance,LinkedIn,Adana,L4,2023-09-13,2023-09-20,2023-10-09,,,InterviewFail,False
C0627,Worker,Agency,Istanbul,L1,2024-08-28,2024-09-06,,,,PreScreenFail,False
C0628,Technician,LinkedIn,Adana,L4,2024-12-16,2024-12-26,2025-01-12,2025-01-31,,Withdrawn,True
C0629,Planner,Referral,Istanbul,L1,2023-11-09,2023-11-12,,,,ScreenFail,False
C0630,Maintenance,Referral,Antalya,L3,2024-05-15,2024-05-21,,,,ScreenFail,False
C0631,Worker,Agency,Ankara,L5,2024-01-03,2024-01-07,2024-01-14,2024-01-19,,OfferDeclined,False
C0632,SafetyOfficer,University,Ankara,L1,2024-03-07,2024-03-14,2024-03-28,2024-04-07,2024-04-24,Hired,False
C0633,SafetyOfficer,University,Izmir,L4,2024-07-28,2024-08-04,2024-08-14,2024-08-18,2024-08-29,Hired,False
C0634,Maintenance,Referral,Istanbul,L3,2024-05-29,2024-06-03,2024-06-22,2024-06-26,2024-07-10,Hired,False
C0635,Planner,University,Ankara,L4,2023-12-21,2023-12-26,2024-01-13,2024-01-19,,Withdrawn,False
C0636,Maintenance,Agency,Istanbul,L1,2023-11-14,2023-11-18,2023-12-01,2023-12-11,,Withdrawn,False
C0637,Planner,Agency,Istanbul,L1,2024-10-04,2024-10-15,2024-10-29,2024-11-11,,OfferDeclined,True
C0638,Worker,Agency,Bursa,L4,2024-11-20,2024-12-05,,,,ScreenFail,True
C0639,SafetyOfficer,Agency,Bursa,L1,2024-09-02,2024-09-15,2024-10-09,2024-10-24,,OfferDeclined,True
C0640,SafetyOfficer,LinkedIn,Adana,L3,2023-11-22,2023-12-02,2023-12-16,2023-12-22,,NoShow,False
C0641,Maintenance,Agency,Izmir,L4,2023-12-19,2023-12-27,2024-01-16,2024-01-20,,OfferDeclined,False
C0642,SafetyOfficer,LinkedIn,Istanbul,L2,2023-09-26,2023-10-02,2023-10-22,2023-10-31,2023-11-08,Hired,False
C0643,SafetyOfficer,Referral,Adana,L4,2023-09-17,2023-09-20,2023-10-05,2023-10-08,2023-10-20,Hired,False
C0644,Technician,Referral,Ankara,L5,2024-12-13,2025-01-02,,,,ScreenFail,True
C0645,Planner,University,Istanbul,L4,2023-10-17,2023-10-23,2023-11-01,2023-11-04,,Withdrawn,False
C0646,QualityInspector,Agency,Istanbul,L4,2024-02-22,2024-02-26,2024-03-05,2024-03-09,,OfferDeclined,False
C0647,Worker,LinkedIn,Ankara,L4,2024-08-11,2024-08-20,2024-09-04,2024-09-08,,NoShow,False
C0648,Planner,Referral,Ankara,L1,2024-02-25,2024-03-04,,,,ScreenFail,False
C0649,Maintenance,LinkedIn,Izmir,L5,2024-02-16,2024-02-26,,,,ScreenFail,False
C0650,SafetyOfficer,University,Ankara,L1,2025-01-11,2025-01-16,2025-01-21,2025-01-24,2025-02-11,Hired,True
C0651,SafetyOfficer,Agency,Izmir,L4,2024-12-31,2025-01-07,2025-01-25,2025-02-01,,OfferDeclined,True
C0652,Maintenance,LinkedIn,Ankara,L5,2023-10-09,2023-10-14,2023-11-03,2023-11-07,2023-11-24,Hired,False
C0653,QualityInspector,Referral,Istanbul,L5,2024-04-29,2024-05-05,2024-05-13,,,InterviewFail,False
C0654,Worker,University,Bursa,L2,2024-06-10,2024-06-13,,,,ScreenFail,False
C0655,Maintenance,University,Ankara,L1,2023-10-26,2023-11-03,2023-11-17,,,InterviewFail,False
C0656,Worker,Agency,Bursa,L1,2023-12-16,2023-12-19,,,,ScreenFail,False
C0657,Worker,LinkedIn,Ankara,L4,2024-07-30,2024-08-08,2024-08-19,2024-08-27,2024-09-06,Hired,False
C0658,QualityInspector,LinkedIn,Ankara,L4,2024-03-23,2024-04-01,2024-04-13,2024-04-17,,NoShow,False
C0659,Technician,Internal,Ankara,L2,2024-12-09,2024-12-17,2025-01-15,2025-01-29,,OfferDeclined,True
C0660,Planner,University,Izmir,L2,2024-08-09,2024-08-14,,,,ScreenFail,False
C0661,Maintenance,University,Ankara,L3,2024-04-13,2024-04-20,2024-04-30,2024-05-05,2024-05-21,Hired,False
C0662,Planner,LinkedIn,Adana,L4,2024-04-09,2024-04-19,2024-05-08,2024-05-15,2024-05-22,Hired,False
C0663,SafetyOfficer,Internal,Ankara,L3,2024-11-18,2024-11-28,2024-12-12,2024-12-15,2025-01-17,Hired,True
C0664,Technician,JobFair,Antalya,L5,2023-10-05,2023-10-14,2023-10-31,2023-11-10,2023-11-29,Hired,False
C0665,Technician,University,Ankara,L1,2023-09-13,2023-09-22,2023-10-03,,,InterviewFail,False
C0666,SafetyOfficer,JobFair,Istanbul,L4,2024-07-09,2024-07-14,2024-08-02,2024-08-05,,OfferDeclined,False
C0667,Planner,Internal,Bursa,L2,2024-09-14,2024-10-01,2024-10-06,2024-10-11,2024-11-11,Hired,True
C0668,QualityInspector,University,Izmir,L4,2024-06-03,2024-06-09,2024-06-16,2024-06-24,2024-07-12,Hired,False
C0669,Worker,Internal,Antalya,L3,2023-10-23,2023-10-27,2023-11-13,2023-11-21,,Withdrawn,False
C0670,QualityInspector,Referral,Antalya,L5,2023-11-08,2023-11-14,2023-11-23,2023-12-01,,NoShow,False
C0671,SafetyOfficer,University,Adana,L2,2024-04-18,2024-04-26,2024-05-12,2024-05-19,2024-06-03,Hired,False
C0672,QualityInspector,LinkedIn,Izmir,L3,2024-12-07,2024-12-25,2025-01-31,2025-02-19,,OfferDeclined,True
C0673,Worker,Agency,Adana,L3,2024-12-06,2024-12-20,,,,ScreenFail,True
C0674,Maintenance,Internal,Izmir,L1,2023-12-21,2023-12-26,,,,ScreenFail,False
C0675,Planner,Internal,Adana,L1,2024-06-27,2024-07-06,2024-07-15,,,InterviewFail,False
C0676,SafetyOfficer,University,Izmir,L2,2023-11-04,2023-11-07,2023-11-19,2023-11-27,,NoShow,False
C0677,SafetyOfficer,University,Izmir,L4,2024-11-29,2024-12-16,,,,PreScreenFail,True
C0678,QualityInspector,LinkedIn,Izmir,L3,2023-10-19,2023-10-24,2023-11-09,2023-11-16,2023-11-30,Hired,False
C0679,Worker,Internal,Antalya,L5,2024-06-19,2024-06-24,2024-07-04,,,InterviewFail,False
C0680,Technician,JobFair,Adana,L2,2024-11-25,2024-12-06,2025-01-03,2025-01-11,,NoShow,True
C0681,Technician,Agency,Izmir,L2,2024-09-16,2024-10-03,2024-11-11,,,InterviewFail,True
C0682,Technician,Referral,Bursa,L2,2024-12-13,2024-12-26,2025-01-09,2025-01-12,2025-02-22,Hired,True
C0683,QualityInspector,University,Izmir,L4,2024-06-23,2024-06-28,,,,ScreenFail,False
C0684,Maintenance,Internal,Ankara,L5,2023-12-29,2024-01-05,2024-01-10,2024-01-19,2024-02-04,Hired,False
C0685,Maintenance,Referral,Izmir,L1,2024-03-18,2024-03-24,,,,ScreenFail,False
C0686,Maintenance,Agency,Istanbul,L5,2024-10-08,2024-10-17,2024-11-22,2024-12-05,,Withdrawn,True
C0687,SafetyOfficer,Referral,Ankara,L4,2024-09-13,2024-09-28,2024-10-26,,,InterviewFail,True
C0688,QualityInspector,JobFair,Adana,L1,2024-04-08,2024-04-18,,,,PreScreenFail,False
C0689,SafetyOfficer,JobFair,Bursa,L4,2024-01-21,2024-01-25,2024-02-03,2024-02-09,,OfferDeclined,False
C0690,Worker,JobFair,Istanbul,L5,2024-09-19,2024-09-24,2024-09-29,,,InterviewFail,True
C0691,Worker,University,Adana,L2,2024-03-23,2024-03-28,2024-04-14,2024-04-21,,OfferDeclined,False
C0692,QualityInspector,Agency,Izmir,L4,2024-12-18,2024-12-28,,,,PreScreenFail,True
C0693,SafetyOfficer,Agency,Bursa,L1,2024-06-21,2024-06-30,2024-07-10,2024-07-20,,OfferDeclined,False
C0694,Planner,LinkedIn,Izmir,L4,2023-11-08,2023-11-16,2023-12-06,,,InterviewFail,False
C0695,SafetyOfficer,University,Antalya,L1,2024-09-17,2024-10-06,2024-10-12,2024-10-23,,NoShow,True
C0696,Planner,Referral,Antalya,L2,2024-08-31,2024-09-05,2024-09-11,,,InterviewFail,False
C0697,QualityInspector,LinkedIn,Izmir,L5,2023-11-18,2023-11-24,2023-12-04,2023-12-08,2023-12-24,Hired,False
C0698,Worker,Referral,Izmir,L3,2024-06-04,2024-06-12,,,,ScreenFail,False
C0699,Planner,University,Izmir,L4,2024-10-26,2024-11-08,,,,PreScreenFail,True
C0700,Planner,Agency,Adana,L5,2025-02-20,2025-03-12,2025-04-21,,,InterviewFail,True
C0701,Technician,LinkedIn,Ankara,L1,2025-01-04,2025-01-18,2025-02-11,2025-02-25,2025-03-12,Hired,True
C0702,Worker,University,Izmir,L2,2024-07-08,2024-07-11,2024-07-19,2024-07-25,2024-08-03,Hired,False
C0703,Planner,Agency,Izmir,L2,2024-04-02,2024-04-07,2024-04-14,2024-04-23,,NoShow,False
C0704,Technician,LinkedIn,Bursa,L4,2023-10-14,2023-10-20,2023-10-28,2023-10-31,,Withdrawn,False
C0705,Worker,LinkedIn,Istanbul,L3,2023-10-15,2023-10-19,,,,ScreenFail,False
C0706,Technician,Internal,Ankara,L5,2024-03-23,2024-03-28,,,,ScreenFail,False
C0707,SafetyOfficer,Internal,Adana,L3,2024-08-26,2024-08-31,2024-09-12,2024-09-16,2024-09-24,Hired,False
C0708,Technician,University,Antalya,L2,2024-06-15,2024-06-20,,,,PreScreenFail,False
C0709,Worker,Internal,Bursa,L3,2024-03-08,2024-03-18,2024-03-26,,,InterviewFail,False
C0710,Maintenance,Referral,Adana,L2,2024-10-22,2024-10-28,,,,ScreenFail,True
C0711,Planner,University,Izmir,L3,2023-10-12,2023-10-16,2023-10-31,,,InterviewFail,False
C0712,Maintenance,University,Izmir,L4,2024-04-19,2024-04-28,2024-05-12,2024-05-21,2024-05-31,Hired,False
C0713,Maintenance,Internal,Izmir,L2,2023-09-14,2023-09-24,2023-10-02,2023-10-11,,OfferDeclined,False
C0714,SafetyOfficer,LinkedIn,Ankara,L4,2024-10-15,2024-10-21,2024-11-05,2024-11-10,2024-12-10,Hired,True
C0715,QualityInspector,LinkedIn,Bursa,L1,2024-04-26,2024-05-05,2024-05-25,2024-06-01,2024-06-20,Hired,False
C0716,Worker,University,Antalya,L4,2024-08-30,2024-09-09,2024-09-26,,,InterviewFail,False
C0717,Maintenance,LinkedIn,Izmir,L4,2025-01-22,2025-02-01,2025-02-14,2025-02-17,2025-03-02,Hired,True
C0718,Technician,University,Istanbul,L2,2024-09-26,2024-10-09,2024-10-23,2024-11-04,2024-11-17,Hired,True
C0719,SafetyOfficer,Agency,Bursa,L4,2024-03-25,2024-04-01,,,,PreScreenFail,False
C0720,QualityInspector,Agency,Adana,L5,2023-09-19,2023-09-22,2023-10-10,,,InterviewFail,False
C0721,Maintenance,Referral,Istanbul,L1,2024-02-29,2024-03-07,,,,ScreenFail,False
C0722,SafetyOfficer,Referral,Istanbul,L5,2025-01-15,2025-02-04,2025-03-15,2025-04-02,,NoShow,True
C0723,Planner,University,Bursa,L3,2025-01-19,2025-02-03,,,,ScreenFail,True
C0724,Worker,LinkedIn,Izmir,L3,2023-09-28,2023-10-06,2023-10-23,,,InterviewFail,False
C0725,QualityInspector,Referral,Istanbul,L2,2024-05-11,2024-05-17,2024-05-31,2024-06-04,2024-06-25,Hired,False
C0726,QualityInspector,LinkedIn,Ankara,L1,2024-07-30,2024-08-02,2024-08-21,2024-08-30,,OfferDeclined,False
C0727,Maintenance,LinkedIn,Antalya,L4,2023-09-23,2023-10-01,2023-10-18,2023-10-27,,NoShow,False
C0728,Maintenance,LinkedIn,Antalya,L2,2024-08-10,2024-08-20,2024-09-04,,,InterviewFail,False
C0729,Maintenance,LinkedIn,Antalya,L1,2024-04-07,2024-04-14,2024-04-27,2024-04-30,2024-05-11,Hired,False
C0730,Maintenance,Agency,Adana,L1,2023-12-07,2023-12-15,2023-12-28,2024-01-01,,NoShow,False
C0731,Maintenance,Referral,Izmir,L1,2024-07-06,2024-07-13,2024-07-31,,,InterviewFail,False
C0732,QualityInspector,University,Bursa,L5,2024-03-03,2024-03-06,2024-03-16,2024-03-26,,Withdrawn,False
C0733,SafetyOfficer,Internal,Izmir,L5,2024-11-18,2024-11-22,2024-12-30,2025-01-08,,OfferDeclined,True
C0734,Planner,LinkedIn,Antalya,L3,2024-11-19,2024-12-05,2024-12-30,2025-01-04,2025-01-24,Hired,True
C0735,QualityInspector,Agency,Antalya,L2,2024-05-20,2024-05-26,,,,ScreenFail,False
C0736,Technician,LinkedIn,Izmir,L4,2025-01-10,2025-01-30,,,,PreScreenFail,True
C0737,QualityInspector,LinkedIn,Izmir,L3,2024-02-28,2024-03-02,2024-03-22,2024-03-25,2024-04-01,Hired,False
C0738,Technician,Referral,Izmir,L1,2024-10-21,2024-11-04,2024-11-14,,,InterviewFail,True
C0739,Worker,Agency,Istanbul,L5,2025-02-19,2025-03-02,2025-04-07,2025-04-12,,OfferDeclined,True
C0740,QualityInspector,Referral,Adana,L4,2024-04-29,2024-05-08,,,,PreScreenFail,False
C0741,QualityInspector,Referral,Izmir,L5,2023-10-28,2023-11-07,2023-11-23,2023-11-27,,NoShow,False
C0742,Maintenance,Agency,Izmir,L2,2024-09-06,2024-09-24,2024-10-22,2024-11-03,,OfferDeclined,True
C0743,Worker,LinkedIn,Antalya,L1,2024-05-03,2024-05-10,2024-05-27,2024-06-03,2024-06-20,Hired,False
C0744,QualityInspector,Internal,Antalya,L1,2024-04-30,2024-05-10,2024-05-27,2024-05-30,2024-06-20,Hired,False
C0745,QualityInspector,Referral,Ankara,L3,2024-04-03,2024-04-08,2024-04-27,2024-05-05,2024-05-26,Hired,False
C0746,SafetyOfficer,Referral,Istanbul,L3,2023-11-22,2023-12-02,2023-12-22,2023-12-31,2024-01-21,Hired,False
C0747,SafetyOfficer,Referral,Istanbul,L2,2024-05-25,2024-05-29,2024-06-14,2024-06-23,2024-07-09,Hired,False
C0748,Worker,Agency,Bursa,L1,2023-10-24,2023-10-29,2023-11-17,,,InterviewFail,False
C0749,SafetyOfficer,Referral,Adana,L1,2023-12-23,2023-12-28,2024-01-09,2024-01-14,,NoShow,False
C0750,Maintenance,Agency,Izmir,L4,2025-01-02,2025-01-09,2025-01-30,2025-02-07,,NoShow,True
C0751,Planner,LinkedIn,Izmir,L2,2024-10-07,2024-10-22,2024-11-10,2024-11-13,2024-11-21,Hired,True
C0752,SafetyOfficer,University,Ankara,L1,2024-12-17,2024-12-26,2025-01-16,,,InterviewFail,True
C0753,Maintenance,University,Ankara,L1,2024-09-11,2024-09-19,2024-10-01,2024-10-04,,OfferDeclined,True
C0754,Maintenance,Agency,Bursa,L1,2024-04-17,2024-04-23,2024-05-04,2024-05-11,,OfferDeclined,False
C0755,Maintenance,LinkedIn,Ankara,L5,2024-04-08,2024-04-15,2024-04-26,,,InterviewFail,False
C0756,Planner,LinkedIn,Izmir,L2,2024-12-05,2024-12-15,,,,ScreenFail,True
C0757,Planner,Internal,Antalya,L4,2024-04-05,2024-04-14,,,,ScreenFail,False
C0758,Technician,LinkedIn,Ankara,L4,2024-08-28,2024-08-31,2024-09-05,2024-09-12,,Withdrawn,False
C0759,QualityInspector,JobFair,Antalya,L3,2024-01-14,2024-01-17,2024-01-27,2024-02-03,,OfferDeclined,False
C0760,QualityInspector,Internal,Ankara,L1,2024-07-21,2024-07-30,2024-08-08,,,InterviewFail,False
C0761,Planner,University,Izmir,L3,2024-11-14,2024-11-26,2024-12-17,,,InterviewFail,True
C0762,Planner,Referral,Bursa,L2,2024-11-24,2024-11-28,,,,PreScreenFail,True
C0763,Technician,University,Ankara,L4,2024-11-20,2024-11-26,2025-01-01,,,InterviewFail,True
C0764,SafetyOfficer,University,Bursa,L4,2023-12-25,2023-12-30,,,,PreScreenFail,False
C0765,QualityInspector,LinkedIn,Ankara,L5,2024-06-06,2024-06-12,2024-06-17,2024-06-22,2024-07-05,Hired,False
C0766,Planner,Agency,Antalya,L1,2024-08-02,2024-08-05,2024-08-19,,,InterviewFail,False
C0767,Technician,Agency,Ankara,L1,2023-11-23,2023-12-03,2023-12-23,2024-01-02,2024-01-19,Hired,False
C0768,Worker,Agency,Izmir,L1,2024-12-07,2024-12-20,2025-01-02,2025-01-11,,NoShow,True
C0769,QualityInspector,Referral,Istanbul,L1,2024-09-25,2024-09-30,2024-10-30,,,InterviewFail,True
C0770,Maintenance,LinkedIn,Ankara,L2,2024-10-02,2024-10-17,2024-11-09,,,InterviewFail,True
C0771,Maintenance,Agency,Izmir,L5,2024-01-13,2024-01-21,,,,ScreenFail,False
C0772,Maintenance,Internal,Bursa,L3,2024-11-07,2024-11-12,2024-12-14,2024-12-28,,OfferDeclined,True
C0773,Maintenance,LinkedIn,Adana,L3,2024-12-18,2024-12-28,2025-01-11,2025-01-29,,Withdrawn,True
C0774,Worker,LinkedIn,Bursa,L4,2023-11-21,2023-12-01,2023-12-15,2023-12-20,2023-12-29,Hired,False
C0775,QualityInspector,Agency,Adana,L4,2024-06-29,2024-07-02,,,,ScreenFail,False
C0776,Maintenance,Referral,Bursa,L5,2024-05-17,2024-05-25,2024-06-07,2024-06-11,,OfferDeclined,False
C0777,Technician,Agency,Bursa,L2,2024-03-05,2024-03-14,2024-03-20,2024-03-24,,Withdrawn,False
C0778,QualityInspector,Referral,Antalya,L4,2024-12-04,2024-12-15,,,,PreScreenFail,True
C0779,SafetyOfficer,JobFair,Izmir,L1,2024-11-18,2024-12-08,,,,ScreenFail,True
C0780,Planner,Agency,Bursa,L4,2025-01-11,2025-01-23,,,,ScreenFail,True
C0781,Planner,LinkedIn,Istanbul,L1,2024-03-11,2024-03-14,,,,ScreenFail,False
C0782,Planner,Referral,Antalya,L5,2024-03-14,2024-03-18,2024-04-01,2024-04-11,,OfferDeclined,False
C0783,Technician,LinkedIn,Ankara,L4,2025-01-09,2025-01-27,,,,PreScreenFail,True
C0784,Worker,Agency,Bursa,L1,2024-08-07,2024-08-10,2024-08-18,2024-08-27,,NoShow,False
C0785,SafetyOfficer,University,Antalya,L5,2024-06-24,2024-06-27,2024-07-17,2024-07-26,,OfferDeclined,False
C0786,SafetyOfficer,University,Antalya,L4,2024-04-25,2024-04-28,2024-05-03,,,InterviewFail,False
C0787,Technician,LinkedIn,Antalya,L4,2024-12-28,2025-01-03,2025-02-08,2025-02-22,2025-03-29,Hired,True
C0788,Technician,LinkedIn,Antalya,L2,2024-12-24,2025-01-07,,,,PreScreenFail,True
C0789,SafetyOfficer,Referral,Adana,L4,2024-01-13,2024-01-20,2024-02-06,2024-02-15,2024-03-06,Hired,False
C0790,SafetyOfficer,Agency,Bursa,L2,2024-03-31,2024-04-07,,,,ScreenFail,False
C0791,Planner,University,Istanbul,L4,2025-01-18,2025-01-30,,,,ScreenFail,True
C0792,Technician,Referral,Izmir,L3,2024-02-10,2024-02-15,2024-02-21,2024-02-25,,OfferDeclined,False
C0793,Worker,LinkedIn,Adana,L2,2025-01-11,2025-01-22,2025-02-17,2025-03-03,2025-03-12,Hired,True
C0794,Worker,LinkedIn,Ankara,L5,2023-12-16,2023-12-19,2024-01-07,2024-01-17,2024-02-06,Hired,False
C0795,Technician,Agency,Adana,L1,2023-10-13,2023-10-17,,,,PreScreenFail,False
C0796,QualityInspector,LinkedIn,Izmir,L4,2025-01-31,2025-02-18,2025-03-01,,,InterviewFail,True
C0797,Planner,LinkedIn,Ankara,L4,2024-10-30,2024-11-02,2024-11-22,,,InterviewFail,True
C0798,Planner,LinkedIn,Izmir,L4,2024-09-04,2024-09-14,2024-09-28,2024-10-17,2024-11-19,Hired,True
C0799,Planner,Agency,Bursa,L4,2024-12-13,2025-01-01,,,,ScreenFail,True
C0800,Technician,Agency,Adana,L1,2023-11-26,2023-12-04,,,,ScreenFail,False
C0801,Technician,Referral,Istanbul,L2,2023-10-30,2023-11-06,2023-11-24,2023-12-03,2023-12-24,Hired,False
C0802,Worker,Internal,Antalya,L3,2024-08-18,2024-08-21,2024-09-03,,,InterviewFail,False
C0803,SafetyOfficer,LinkedIn,Adana,L5,2024-11-26,2024-12-10,,,,ScreenFail,True
C0804,Worker,Referral,Antalya,L2,2025-02-14,2025-03-06,2025-03-29,2025-04-07,,OfferDeclined,True
C0805,QualityInspector,University,Antalya,L2,2023-09-24,2023-09-27,2023-10-10,2023-10-16,2023-11-05,Hired,False
C0806,SafetyOfficer,Referral,Adana,L1,2023-11-01,2023-11-09,,,,ScreenFail,False
C0807,SafetyOfficer,Internal,Bursa,L3,2023-09-06,2023-09-16,2023-10-01,2023-10-07,2023-10-26,Hired,False
C0808,Worker,University,Antalya,L5,2024-04-27,2024-05-05,2024-05-19,2024-05-26,2024-06-12,Hired,False
C0809,SafetyOfficer,University,Ankara,L4,2025-02-14,2025-02-24,2025-03-07,2025-03-20,,NoShow,True
C0810,QualityInspector,University,Ankara,L4,2024-10-26,2024-10-31,2024-11-10,2024-11-14,2024-12-18,Hired,True
C0811,Maintenance,LinkedIn,Istanbul,L3,2025-02-20,2025-03-07,2025-04-16,2025-05-05,2025-06-06,Hired,True
C0812,Worker,University,Bursa,L4,2025-01-14,2025-01-30,,,,ScreenFail,True
C0813,SafetyOfficer,University,Antalya,L5,2023-12-30,2024-01-05,2024-01-24,2024-02-03,2024-02-10,Hired,False
C0814,Worker,Referral,Istanbul,L5,2024-10-23,2024-10-29,,,,ScreenFail,True
C0815,Planner,LinkedIn,Izmir,L3,2024-07-07,2024-07-14,,,,ScreenFail,False
C0816,Worker,Referral,Izmir,L3,2024-04-08,2024-04-13,2024-05-03,2024-05-06,,NoShow,False
C0817,Technician,Internal,Bursa,L4,2024-07-14,2024-07-24,2024-08-08,2024-08-17,2024-08-31,Hired,False
C0818,Worker,LinkedIn,Ankara,L5,2024-12-15,2025-01-01,,,,ScreenFail,True
C0819,Worker,Agency,Bursa,L4,2024-04-26,2024-05-05,2024-05-20,2024-05-23,,Withdrawn,False
C0820,SafetyOfficer,LinkedIn,Istanbul,L2,2023-09-26,2023-10-03,2023-10-11,2023-10-15,2023-10-25,Hired,False
C0821,Worker,University,Istanbul,L5,2025-02-16,2025-02-25,,,,ScreenFail,True
C0822,Worker,LinkedIn,Istanbul,L3,2024-03-29,2024-04-04,2024-04-23,2024-04-27,,NoShow,False
C0823,QualityInspector,Referral,Istanbul,L4,2023-09-24,2023-10-02,,,,ScreenFail,False
C0824,Worker,Referral,Izmir,L1,2023-12-27,2023-12-31,,,,PreScreenFail,False
C0825,Technician,LinkedIn,Bursa,L2,2023-10-31,2023-11-08,,,,ScreenFail,False
C0826,Maintenance,LinkedIn,Ankara,L4,2024-07-28,2024-08-04,,,,PreScreenFail,False
C0827,Worker,University,Bursa,L5,2025-01-29,2025-02-13,2025-02-25,,,InterviewFail,True
C0828,Worker,Referral,Bursa,L1,2024-10-22,2024-11-01,2024-11-07,2024-11-18,2024-12-30,Hired,True
C0829,SafetyOfficer,LinkedIn,Adana,L2,2024-07-08,2024-07-17,2024-08-05,2024-08-09,,Withdrawn,False
C0830,Planner,Agency,Ankara,L3,2024-02-20,2024-02-26,,,,ScreenFail,False
C0831,Maintenance,JobFair,Adana,L3,2024-02-19,2024-02-22,2024-02-28,2024-03-09,,NoShow,False
C0832,SafetyOfficer,Referral,Izmir,L2,2025-02-04,2025-02-16,2025-02-23,2025-03-03,,NoShow,True
C0833,QualityInspector,LinkedIn,Antalya,L1,2024-01-22,2024-01-29,2024-02-16,2024-02-22,,OfferDeclined,False
C0834,QualityInspector,Internal,Izmir,L3,2024-12-07,2024-12-18,,,,PreScreenFail,True
C0835,Worker,Referral,Antalya,L2,2023-09-03,2023-09-13,,,,PreScreenFail,False
C0836,Worker,Internal,Antalya,L4,2024-10-07,2024-10-27,,,,ScreenFail,True
C0837,SafetyOfficer,Referral,Istanbul,L3,2024-09-20,2024-10-04,,,,ScreenFail,True
C0838,QualityInspector,Internal,Bursa,L1,2024-04-14,2024-04-17,,,,ScreenFail,False
C0839,Worker,University,Antalya,L2,2024-04-27,2024-05-07,2024-05-23,2024-05-26,,OfferDeclined,False
C0840,SafetyOfficer,Agency,Ankara,L1,2024-03-19,2024-03-28,2024-04-05,2024-04-12,,OfferDeclined,False
C0841,Planner,University,Antalya,L5,2024-02-27,2024-03-02,2024-03-11,,,InterviewFail,False
C0842,Worker,Internal,Adana,L3,2024-03-15,2024-03-18,2024-03-31,2024-04-10,2024-04-17,Hired,False
C0843,SafetyOfficer,Agency,Antalya,L1,2024-07-27,2024-08-05,2024-08-23,2024-08-30,,OfferDeclined,False
C0844,Maintenance,University,Adana,L1,2024-04-17,2024-04-20,2024-05-03,2024-05-12,,OfferDeclined,False
C0845,Technician,Referral,Izmir,L1,2023-09-26,2023-10-02,2023-10-20,,,InterviewFail,False
C0846,Planner,Referral,Istanbul,L1,2023-09-29,2023-10-09,2023-10-27,2023-10-30,2023-11-15,Hired,False
C0847,QualityInspector,Agency,Ankara,L1,2024-12-28,2025-01-07,2025-02-02,2025-02-06,,OfferDeclined,True
C0848,Planner,Internal,Adana,L5,2024-11-23,2024-11-29,2025-01-01,2025-01-07,2025-01-19,Hired,True
C0849,Technician,Referral,Antalya,L1,2024-01-09,2024-01-12,2024-01-31,2024-02-03,,Withdrawn,False
C0850,Maintenance,LinkedIn,Antalya,L1,2023-10-24,2023-10-31,2023-11-17,2023-11-26,,Withdrawn,False
C0851,Maintenance,LinkedIn,Adana,L5,2023-09-11,2023-09-21,2023-10-08,,,InterviewFail,False
C0852,Worker,University,Izmir,L1,2024-12-08,2024-12-27,,,,ScreenFail,True
C0853,Worker,Agency,Adana,L2,2024-01-08,2024-01-15,2024-01-31,2024-02-09,,OfferDeclined,False
C0854,Maintenance,LinkedIn,Ankara,L1,2023-11-01,2023-11-06,2023-11-20,2023-11-29,2023-12-14,Hired,False
C0855,QualityInspector,Referral,Adana,L2,2024-01-29,2024-02-08,2024-02-22,,,InterviewFail,False
C0856,Technician,University,Antalya,L2,2023-10-29,2023-11-04,,,,PreScreenFail,False
C0857,Planner,University,Ankara,L1,2024-08-15,2024-08-21,2024-09-10,2024-09-20,2024-10-06,Hired,False
C0858,Worker,University,Izmir,L5,2024-07-03,2024-07-12,2024-07-27,2024-08-01,,OfferDeclined,False
C0859,Technician,University,Istanbul,L2,2024-04-23,2024-05-03,2024-05-14,2024-05-20,2024-06-03,Hired,False
C0860,QualityInspector,Agency,Bursa,L2,2024-10-14,2024-10-22,,,,ScreenFail,True
C0861,Technician,University,Ankara,L3,2024-11-24,2024-12-03,,,,PreScreenFail,True
C0862,QualityInspector,LinkedIn,Izmir,L2,2024-08-13,2024-08-19,,,,PreScreenFail,False
C0863,QualityInspector,Internal,Istanbul,L2,2024-09-23,2024-09-29,2024-10-25,2024-11-03,,OfferDeclined,True
C0864,QualityInspector,Agency,Antalya,L2,2025-02-21,2025-03-09,2025-03-18,2025-03-24,,Withdrawn,True
C0865,Planner,Agency,Ankara,L5,2024-09-22,2024-10-06,2024-10-31,2024-11-16,,Withdrawn,True
C0866,Worker,University,Adana,L3,2024-01-31,2024-02-08,2024-02-20,2024-02-23,2024-03-11,Hired,False
C0867,Planner,Internal,Adana,L4,2024-04-02,2024-04-06,2024-04-26,2024-04-30,,OfferDeclined,False
C0868,SafetyOfficer,Agency,Izmir,L4,2025-02-13,2025-03-02,2025-03-18,2025-03-31,,OfferDeclined,True
C0869,Maintenance,Agency,Bursa,L4,2024-06-01,2024-06-10,2024-06-16,2024-06-22,,Withdrawn,False
C0870,Maintenance,Internal,Bursa,L2,2024-07-10,2024-07-19,2024-08-05,2024-08-10,2024-08-31,Hired,False
C0871,QualityInspector,University,Ankara,L1,2024-06-29,2024-07-09,,,,ScreenFail,False
C0872,Worker,University,Bursa,L4,2024-12-22,2025-01-07,2025-02-07,,,InterviewFail,True
C0873,Maintenance,LinkedIn,Bursa,L2,2024-05-29,2024-06-02,2024-06-18,2024-06-22,2024-07-03,Hired,False
C0874,Worker,University,Istanbul,L3,2024-04-21,2024-04-25,,,,ScreenFail,False
C0875,Planner,Referral,Antalya,L3,2024-05-14,2024-05-21,2024-06-03,2024-06-09,,NoShow,False
C0876,Planner,JobFair,Antalya,L5,2024-05-25,2024-05-28,2024-06-11,,,InterviewFail,False
C0877,Maintenance,Internal,Adana,L1,2024-12-27,2025-01-15,,,,PreScreenFail,True
C0878,SafetyOfficer,LinkedIn,Ankara,L5,2024-12-23,2025-01-09,2025-02-04,2025-02-09,2025-03-08,Hired,True
C0879,Maintenance,Agency,Antalya,L4,2024-04-02,2024-04-12,,,,ScreenFail,False
C0880,Planner,Referral,Antalya,L1,2025-01-24,2025-02-07,2025-03-05,,,InterviewFail,True
C0881,Maintenance,Agency,Antalya,L5,2024-07-03,2024-07-11,,,,ScreenFail,False
C0882,QualityInspector,University,Adana,L5,2024-10-05,2024-10-20,2024-11-07,2024-11-22,,NoShow,True
C0883,Planner,University,Izmir,L5,2024-12-06,2024-12-18,2024-12-28,2025-01-05,,Withdrawn,True
C0884,Planner,LinkedIn,Antalya,L5,2025-01-13,2025-01-16,2025-02-01,2025-02-10,2025-02-21,Hired,True
C0885,Maintenance,LinkedIn,Ankara,L3,2025-02-18,2025-02-23,2025-03-29,2025-04-02,,OfferDeclined,True
C0886,Planner,Referral,Bursa,L4,2024-02-08,2024-02-12,2024-02-21,2024-03-01,2024-03-15,Hired,False
C0887,Maintenance,JobFair,Ankara,L2,2024-03-29,2024-04-05,2024-04-23,2024-05-03,,NoShow,False
C0888,QualityInspector,University,Adana,L4,2024-06-09,2024-06-15,,,,ScreenFail,False
C0889,Maintenance,University,Ankara,L5,2024-08-02,2024-08-12,,,,ScreenFail,False
C0890,Technician,LinkedIn,Bursa,L3,2024-07-01,2024-07-10,,,,PreScreenFail,False
C0891,Worker,Agency,Bursa,L4,2024-03-06,2024-03-10,2024-03-27,2024-03-30,,Withdrawn,False
C0892,Planner,LinkedIn,Antalya,L5,2024-06-25,2024-06-29,2024-07-10,2024-07-20,2024-08-02,Hired,False
C0893,Worker,LinkedIn,Izmir,L1,2023-12-17,2023-12-25,2024-01-12,,,InterviewFail,False
C0894,Worker,LinkedIn,Istanbul,L1,2024-12-16,2024-12-31,2025-01-26,,,InterviewFail,True
C0895,Technician,LinkedIn,Antalya,L2,2024-07-31,2024-08-10,,,,ScreenFail,False
C0896,SafetyOfficer,LinkedIn,Bursa,L2,2024-12-26,2025-01-06,2025-01-21,2025-01-29,,NoShow,True
C0897,Planner,LinkedIn,Adana,L4,2024-02-20,2024-02-24,2024-02-29,2024-03-07,,OfferDeclined,False
C0898,Planner,LinkedIn,Istanbul,L5,2024-04-09,2024-04-19,2024-04-25,2024-04-29,2024-05-12,Hired,False
C0899,Maintenance,LinkedIn,Istanbul,L1,2024-09-21,2024-09-30,,,,PreScreenFail,True
C0900,Technician,Referral,Istanbul,L3,2024-03-15,2024-03-19,2024-03-31,2024-04-04,2024-04-23,Hired,False
